Scenario,Month,Illuminance(lux)
Clear/Clear, 01,2378.4
Clear/Clear, 02,2217.68
Clear/Clear, 03,4026.99
Clear/Clear, 04,2037.58
Clear/Clear, 05,1113.74
Clear/Clear, 06,1134.01
Clear/Clear, 07,1127.42
Clear/Clear, 08,1626.96
Clear/Clear, 09,4533.54
Clear/Clear, 10,3282.67
Clear/Clear, 11,1397.44
Clear/Clear, 12,1963.29
Clear/Clear-BBG-15, 01,1737.17
Clear/Clear-BBG-15, 02,1174.02
Clear/Clear-BBG-15, 03,1236.95
Clear/Clear-BBG-15, 04,750.85
Clear/Clear-BBG-15, 05,750.7
Clear/Clear-BBG-15, 06,759.63
Clear/Clear-BBG-15, 07,745.38
Clear/Clear-BBG-15, 08,795.59
Clear/Clear-BBG-15, 09,927.66
Clear/Clear-BBG-15, 10,1270.76
Clear/Clear-BBG-15, 11,985.47
Clear/Clear-BBG-15, 12,1509.25
Clear/Clear-BBG-30, 01,1810.16
Clear/Clear-BBG-30, 02,1648.09
Clear/Clear-BBG-30, 03,2414.58
Clear/Clear-BBG-30, 04,1249.44
Clear/Clear-BBG-30, 05,966.19
Clear/Clear-BBG-30, 06,991.3
Clear/Clear-BBG-30, 07,973.24
Clear/Clear-BBG-30, 08,1150.33
Clear/Clear-BBG-30, 09,2307.92
Clear/Clear-BBG-30, 10,2253.49
Clear/Clear-BBG-30, 11,1045.48
Clear/Clear-BBG-30, 12,1454.92
Clear/Clear-BBG-45, 01,1268.17
Clear/Clear-BBG-45, 02,1525.82
Clear/Clear-BBG-45, 03,2958.24
Clear/Clear-BBG-45, 04,1571.56
Clear/Clear-BBG-45, 05,973.11
Clear/Clear-BBG-45, 06,1040.29
Clear/Clear-BBG-45, 07,1015.49
Clear/Clear-BBG-45, 08,1279.26
Clear/Clear-BBG-45, 09,3409.3
Clear/Clear-BBG-45, 10,2429.24
Clear/Clear-BBG-45, 11,793.47
Clear/Clear-BBG-45, 12,968.22
Clear/Clear-BBG-60, 01,586.52
Clear/Clear-BBG-60, 02,877.48
Clear/Clear-BBG-60, 03,1935.96
Clear/Clear-BBG-60, 04,1105.2
Clear/Clear-BBG-60, 05,599.54
Clear/Clear-BBG-60, 06,675.79
Clear/Clear-BBG-60, 07,658.04
Clear/Clear-BBG-60, 08,854.24
Clear/Clear-BBG-60, 09,2417.9
Clear/Clear-BBG-60, 10,1421.22
Clear/Clear-BBG-60, 11,414.18
Clear/Clear-BBG-60, 12,413.88
Clear/Clear-BBG-75, 01,129.16
Clear/Clear-BBG-75, 02,203.53
Clear/Clear-BBG-75, 03,464.62
Clear/Clear-BBG-75, 04,379.12
Clear/Clear-BBG-75, 05,208.58
Clear/Clear-BBG-75, 06,174.5
Clear/Clear-BBG-75, 07,175.15
Clear/Clear-BBG-75, 08,291.49
Clear/Clear-BBG-75, 09,639.1
Clear/Clear-BBG-75, 10,281.68
Clear/Clear-BBG-75, 11,115.41
Clear/Clear-BBG-75, 12,88.77
Clear/Clear-BBG0, 01,1113.15
Clear/Clear-BBG0, 02,606.54
Clear/Clear-BBG0, 03,555.19
Clear/Clear-BBG0, 04,539.46
Clear/Clear-BBG0, 05,527.13
Clear/Clear-BBG0, 06,526.18
Clear/Clear-BBG0, 07,514.68
Clear/Clear-BBG0, 08,555.4
Clear/Clear-BBG0, 09,546.55
Clear/Clear-BBG0, 10,512.29
Clear/Clear-BBG0, 11,658.2
Clear/Clear-BBG0, 12,1003.59
Clear/Clear-BBG15, 01,524.61
Clear/Clear-BBG15, 02,390.65
Clear/Clear-BBG15, 03,389.95
Clear/Clear-BBG15, 04,384.16
Clear/Clear-BBG15, 05,366.93
Clear/Clear-BBG15, 06,362.37
Clear/Clear-BBG15, 07,353.63
Clear/Clear-BBG15, 08,385.54
Clear/Clear-BBG15, 09,396.64
Clear/Clear-BBG15, 10,360.76
Clear/Clear-BBG15, 11,361.88
Clear/Clear-BBG15, 12,491.38
Clear/Clear-BBG30, 01,202.23
Clear/Clear-BBG30, 02,254.87
Clear/Clear-BBG30, 03,259.15
Clear/Clear-BBG30, 04,245.78
Clear/Clear-BBG30, 05,229.42
Clear/Clear-BBG30, 06,223.74
Clear/Clear-BBG30, 07,217.92
Clear/Clear-BBG30, 08,240.52
Clear/Clear-BBG30, 09,257.27
Clear/Clear-BBG30, 10,239.5
Clear/Clear-BBG30, 11,173.26
Clear/Clear-BBG30, 12,149.0
Clear/Clear-BBG45, 01,126.01
Clear/Clear-BBG45, 02,156.15
Clear/Clear-BBG45, 03,153.39
Clear/Clear-BBG45, 04,141.54
Clear/Clear-BBG45, 05,129.98
Clear/Clear-BBG45, 06,125.47
Clear/Clear-BBG45, 07,122.18
Clear/Clear-BBG45, 08,136.47
Clear/Clear-BBG45, 09,150.0
Clear/Clear-BBG45, 10,143.55
Clear/Clear-BBG45, 11,106.93
Clear/Clear-BBG45, 12,92.01
Clear/Clear-BBG60, 01,70.55
Clear/Clear-BBG60, 02,86.82
Clear/Clear-BBG60, 03,84.49
Clear/Clear-BBG60, 04,77.32
Clear/Clear-BBG60, 05,71.0
Clear/Clear-BBG60, 06,68.49
Clear/Clear-BBG60, 07,66.67
Clear/Clear-BBG60, 08,74.51
Clear/Clear-BBG60, 09,82.45
Clear/Clear-BBG60, 10,79.5
Clear/Clear-BBG60, 11,59.51
Clear/Clear-BBG60, 12,51.4
Clear/Clear-BBG75, 01,29.27
Clear/Clear-BBG75, 02,36.49
Clear/Clear-BBG75, 03,36.29
Clear/Clear-BBG75, 04,34.12
Clear/Clear-BBG75, 05,31.46
Clear/Clear-BBG75, 06,29.82
Clear/Clear-BBG75, 07,29.02
Clear/Clear-BBG75, 08,32.75
Clear/Clear-BBG75, 09,35.67
Clear/Clear-BBG75, 10,33.67
Clear/Clear-BBG75, 11,24.79
Clear/Clear-BBG75, 12,21.28
Clear/Clear-HTcellular, 01,637.32
Clear/Clear-HTcellular, 02,841.87
Clear/Clear-HTcellular, 03,954.44
Clear/Clear-HTcellular, 04,1062.15
Clear/Clear-HTcellular, 05,1064.57
Clear/Clear-HTcellular, 06,1087.45
Clear/Clear-HTcellular, 07,1045.91
Clear/Clear-HTcellular, 08,1052.74
Clear/Clear-HTcellular, 09,992.69
Clear/Clear-HTcellular, 10,827.3
Clear/Clear-HTcellular, 11,550.53
Clear/Clear-HTcellular, 12,456.76
Clear/Clear-LTcellular, 01,275.63
Clear/Clear-LTcellular, 02,361.34
Clear/Clear-LTcellular, 03,407.36
Clear/Clear-LTcellular, 04,454.19
Clear/Clear-LTcellular, 05,455.62
Clear/Clear-LTcellular, 06,467.03
Clear/Clear-LTcellular, 07,449.03
Clear/Clear-LTcellular, 08,450.45
Clear/Clear-LTcellular, 09,424.12
Clear/Clear-LTcellular, 10,352.71
Clear/Clear-LTcellular, 11,237.25
Clear/Clear-LTcellular, 12,198.3
Clear/Clear-VB-15, 01,1807.78
Clear/Clear-VB-15, 02,1231.17
Clear/Clear-VB-15, 03,1307.43
Clear/Clear-VB-15, 04,817.5
Clear/Clear-VB-15, 05,831.93
Clear/Clear-VB-15, 06,856.88
Clear/Clear-VB-15, 07,837.94
Clear/Clear-VB-15, 08,871.28
Clear/Clear-VB-15, 09,998.82
Clear/Clear-VB-15, 10,1351.75
Clear/Clear-VB-15, 11,1028.26
Clear/Clear-VB-15, 12,1568.43
Clear/Clear-VB-30, 01,1878.73
Clear/Clear-VB-30, 02,1722.11
Clear/Clear-VB-30, 03,2536.71
Clear/Clear-VB-30, 04,1338.07
Clear/Clear-VB-30, 05,1054.0
Clear/Clear-VB-30, 06,1100.62
Clear/Clear-VB-30, 07,1077.48
Clear/Clear-VB-30, 08,1240.64
Clear/Clear-VB-30, 09,2429.58
Clear/Clear-VB-30, 10,2358.7
Clear/Clear-VB-30, 11,1089.95
Clear/Clear-VB-30, 12,1506.92
Clear/Clear-VB-45, 01,1299.49
Clear/Clear-VB-45, 02,1590.18
Clear/Clear-VB-45, 03,3120.11
Clear/Clear-VB-45, 04,1730.21
Clear/Clear-VB-45, 05,1124.08
Clear/Clear-VB-45, 06,1219.88
Clear/Clear-VB-45, 07,1186.01
Clear/Clear-VB-45, 08,1434.95
Clear/Clear-VB-45, 09,3621.38
Clear/Clear-VB-45, 10,2550.51
Clear/Clear-VB-45, 11,813.46
Clear/Clear-VB-45, 12,992.9
Clear/Clear-VB-60, 01,618.26
Clear/Clear-VB-60, 02,907.52
Clear/Clear-VB-60, 03,2065.65
Clear/Clear-VB-60, 04,1293.59
Clear/Clear-VB-60, 05,814.44
Clear/Clear-VB-60, 06,981.52
Clear/Clear-VB-60, 07,945.1
Clear/Clear-VB-60, 08,1060.98
Clear/Clear-VB-60, 09,2612.29
Clear/Clear-VB-60, 10,1490.36
Clear/Clear-VB-60, 11,429.91
Clear/Clear-VB-60, 12,441.58
Clear/Clear-VB-75, 01,148.46
Clear/Clear-VB-75, 02,251.07
Clear/Clear-VB-75, 03,568.75
Clear/Clear-VB-75, 04,525.31
Clear/Clear-VB-75, 05,367.59
Clear/Clear-VB-75, 06,337.22
Clear/Clear-VB-75, 07,329.28
Clear/Clear-VB-75, 08,439.98
Clear/Clear-VB-75, 09,782.23
Clear/Clear-VB-75, 10,361.67
Clear/Clear-VB-75, 11,133.67
Clear/Clear-VB-75, 12,101.88
Clear/Clear-VB0, 01,1160.03
Clear/Clear-VB0, 02,654.26
Clear/Clear-VB0, 03,615.69
Clear/Clear-VB0, 04,613.03
Clear/Clear-VB0, 05,616.04
Clear/Clear-VB0, 06,628.95
Clear/Clear-VB0, 07,612.1
Clear/Clear-VB0, 08,636.52
Clear/Clear-VB0, 09,600.63
Clear/Clear-VB0, 10,557.9
Clear/Clear-VB0, 11,688.75
Clear/Clear-VB0, 12,1039.21
Clear/Clear-VB15, 01,587.83
Clear/Clear-VB15, 02,438.27
Clear/Clear-VB15, 03,443.74
Clear/Clear-VB15, 04,457.93
Clear/Clear-VB15, 05,450.62
Clear/Clear-VB15, 06,457.86
Clear/Clear-VB15, 07,444.29
Clear/Clear-VB15, 08,463.34
Clear/Clear-VB15, 09,455.76
Clear/Clear-VB15, 10,405.95
Clear/Clear-VB15, 11,402.53
Clear/Clear-VB15, 12,540.58
Clear/Clear-VB30, 01,231.15
Clear/Clear-VB30, 02,292.45
Clear/Clear-VB30, 03,310.05
Clear/Clear-VB30, 04,308.47
Clear/Clear-VB30, 05,296.86
Clear/Clear-VB30, 06,299.87
Clear/Clear-VB30, 07,290.21
Clear/Clear-VB30, 08,303.99
Clear/Clear-VB30, 09,311.09
Clear/Clear-VB30, 10,280.93
Clear/Clear-VB30, 11,198.24
Clear/Clear-VB30, 12,171.24
Clear/Clear-VB45, 01,146.96
Clear/Clear-VB45, 02,183.84
Clear/Clear-VB45, 03,191.53
Clear/Clear-VB45, 04,185.74
Clear/Clear-VB45, 05,176.04
Clear/Clear-VB45, 06,176.39
Clear/Clear-VB45, 07,170.5
Clear/Clear-VB45, 08,179.95
Clear/Clear-VB45, 09,189.53
Clear/Clear-VB45, 10,174.38
Clear/Clear-VB45, 11,125.15
Clear/Clear-VB45, 12,107.24
Clear/Clear-VB60, 01,83.37
Clear/Clear-VB60, 02,103.84
Clear/Clear-VB60, 03,106.68
Clear/Clear-VB60, 04,103.41
Clear/Clear-VB60, 05,98.3
Clear/Clear-VB60, 06,97.75
Clear/Clear-VB60, 07,94.48
Clear/Clear-VB60, 08,100.16
Clear/Clear-VB60, 09,105.61
Clear/Clear-VB60, 10,97.67
Clear/Clear-VB60, 11,70.6
Clear/Clear-VB60, 12,60.59
Clear/Clear-VB75, 01,34.59
Clear/Clear-VB75, 02,44.1
Clear/Clear-VB75, 03,46.94
Clear/Clear-VB75, 04,46.97
Clear/Clear-VB75, 05,45.26
Clear/Clear-VB75, 06,44.35
Clear/Clear-VB75, 07,42.8
Clear/Clear-VB75, 08,45.44
Clear/Clear-VB75, 09,46.76
Clear/Clear-VB75, 10,42.17
Clear/Clear-VB75, 11,29.47
Clear/Clear-VB75, 12,25.03
Clear/lowE(3), 01,2044.03
Clear/lowE(3), 02,1891.4
Clear/lowE(3), 03,3407.05
Clear/lowE(3), 04,1722.07
Clear/lowE(3), 05,948.64
Clear/lowE(3), 06,966.01
Clear/lowE(3), 07,960.39
Clear/lowE(3), 08,1380.08
Clear/lowE(3), 09,3818.8
Clear/lowE(3), 10,2787.89
Clear/lowE(3), 11,1199.85
Clear/lowE(3), 12,1692.55
Clear/lowE(3)-BBG-15, 01,1497.4
Clear/lowE(3)-BBG-15, 02,1002.85
Clear/lowE(3)-BBG-15, 03,1047.56
Clear/lowE(3)-BBG-15, 04,625.61
Clear/lowE(3)-BBG-15, 05,622.68
Clear/lowE(3)-BBG-15, 06,628.81
Clear/lowE(3)-BBG-15, 07,617.99
Clear/lowE(3)-BBG-15, 08,663.93
Clear/lowE(3)-BBG-15, 09,780.92
Clear/lowE(3)-BBG-15, 10,1081.02
Clear/lowE(3)-BBG-15, 11,848.31
Clear/lowE(3)-BBG-15, 12,1305.31
Clear/lowE(3)-BBG-30, 01,1556.61
Clear/lowE(3)-BBG-30, 02,1404.35
Clear/lowE(3)-BBG-30, 03,2045.04
Clear/lowE(3)-BBG-30, 04,1042.93
Clear/lowE(3)-BBG-30, 05,798.83
Clear/lowE(3)-BBG-30, 06,816.38
Clear/lowE(3)-BBG-30, 07,802.97
Clear/lowE(3)-BBG-30, 08,959.09
Clear/lowE(3)-BBG-30, 09,1944.0
Clear/lowE(3)-BBG-30, 10,1914.71
Clear/lowE(3)-BBG-30, 11,896.94
Clear/lowE(3)-BBG-30, 12,1255.44
Clear/lowE(3)-BBG-45, 01,1082.37
Clear/lowE(3)-BBG-45, 02,1293.24
Clear/lowE(3)-BBG-45, 03,2498.57
Clear/lowE(3)-BBG-45, 04,1308.87
Clear/lowE(3)-BBG-45, 05,797.34
Clear/lowE(3)-BBG-45, 06,847.46
Clear/lowE(3)-BBG-45, 07,828.99
Clear/lowE(3)-BBG-45, 08,1061.16
Clear/lowE(3)-BBG-45, 09,2865.95
Clear/lowE(3)-BBG-45, 10,2058.17
Clear/lowE(3)-BBG-45, 11,674.05
Clear/lowE(3)-BBG-45, 12,828.96
Clear/lowE(3)-BBG-60, 01,492.85
Clear/lowE(3)-BBG-60, 02,735.54
Clear/lowE(3)-BBG-60, 03,1627.5
Clear/lowE(3)-BBG-60, 04,915.06
Clear/lowE(3)-BBG-60, 05,483.78
Clear/lowE(3)-BBG-60, 06,540.36
Clear/lowE(3)-BBG-60, 07,527.22
Clear/lowE(3)-BBG-60, 08,701.32
Clear/lowE(3)-BBG-60, 09,2026.97
Clear/lowE(3)-BBG-60, 10,1196.59
Clear/lowE(3)-BBG-60, 11,345.67
Clear/lowE(3)-BBG-60, 12,348.3
Clear/lowE(3)-BBG-75, 01,106.5
Clear/lowE(3)-BBG-75, 02,167.97
Clear/lowE(3)-BBG-75, 03,384.77
Clear/lowE(3)-BBG-75, 04,310.15
Clear/lowE(3)-BBG-75, 05,167.12
Clear/lowE(3)-BBG-75, 06,138.77
Clear/lowE(3)-BBG-75, 07,139.62
Clear/lowE(3)-BBG-75, 08,236.72
Clear/lowE(3)-BBG-75, 09,530.43
Clear/lowE(3)-BBG-75, 10,233.07
Clear/lowE(3)-BBG-75, 11,95.12
Clear/lowE(3)-BBG-75, 12,73.22
Clear/lowE(3)-BBG0, 01,958.73
Clear/lowE(3)-BBG0, 02,516.9
Clear/lowE(3)-BBG0, 03,465.17
Clear/lowE(3)-BBG0, 04,446.54
Clear/lowE(3)-BBG0, 05,434.66
Clear/lowE(3)-BBG0, 06,433.16
Clear/lowE(3)-BBG0, 07,424.38
Clear/lowE(3)-BBG0, 08,460.61
Clear/lowE(3)-BBG0, 09,455.82
Clear/lowE(3)-BBG0, 10,433.3
Clear/lowE(3)-BBG0, 11,565.78
Clear/lowE(3)-BBG0, 12,867.42
Clear/lowE(3)-BBG15, 01,449.01
Clear/lowE(3)-BBG15, 02,328.98
Clear/lowE(3)-BBG15, 03,322.11
Clear/lowE(3)-BBG15, 04,313.61
Clear/lowE(3)-BBG15, 05,298.42
Clear/lowE(3)-BBG15, 06,294.13
Clear/lowE(3)-BBG15, 07,287.51
Clear/lowE(3)-BBG15, 08,315.39
Clear/lowE(3)-BBG15, 09,326.37
Clear/lowE(3)-BBG15, 10,301.18
Clear/lowE(3)-BBG15, 11,308.44
Clear/lowE(3)-BBG15, 12,422.78
Clear/lowE(3)-BBG30, 01,169.55
Clear/lowE(3)-BBG30, 02,211.33
Clear/lowE(3)-BBG30, 03,210.59
Clear/lowE(3)-BBG30, 04,196.9
Clear/lowE(3)-BBG30, 05,182.92
Clear/lowE(3)-BBG30, 06,177.91
Clear/lowE(3)-BBG30, 07,173.57
Clear/lowE(3)-BBG30, 08,192.93
Clear/lowE(3)-BBG30, 09,208.0
Clear/lowE(3)-BBG30, 10,196.69
Clear/lowE(3)-BBG30, 11,144.76
Clear/lowE(3)-BBG30, 12,125.41
Clear/lowE(3)-BBG45, 01,104.53
Clear/lowE(3)-BBG45, 02,128.01
Clear/lowE(3)-BBG45, 03,123.13
Clear/lowE(3)-BBG45, 04,111.89
Clear/lowE(3)-BBG45, 05,102.19
Clear/lowE(3)-BBG45, 06,98.33
Clear/lowE(3)-BBG45, 07,95.91
Clear/lowE(3)-BBG45, 08,107.91
Clear/lowE(3)-BBG45, 09,119.72
Clear/lowE(3)-BBG45, 10,116.43
Clear/lowE(3)-BBG45, 11,88.38
Clear/lowE(3)-BBG45, 12,76.62
Clear/lowE(3)-BBG60, 01,492.85
Clear/lowE(3)-BBG60, 02,735.54
Clear/lowE(3)-BBG60, 03,1627.5
Clear/lowE(3)-BBG60, 04,915.06
Clear/lowE(3)-BBG60, 05,483.78
Clear/lowE(3)-BBG60, 06,540.36
Clear/lowE(3)-BBG60, 07,527.22
Clear/lowE(3)-BBG60, 08,701.32
Clear/lowE(3)-BBG60, 09,2026.97
Clear/lowE(3)-BBG60, 10,1196.59
Clear/lowE(3)-BBG60, 11,345.67
Clear/lowE(3)-BBG60, 12,348.3
Clear/lowE(3)-BBG75, 01,23.88
Clear/lowE(3)-BBG75, 02,29.46
Clear/lowE(3)-BBG75, 03,28.76
Clear/lowE(3)-BBG75, 04,26.73
Clear/lowE(3)-BBG75, 05,24.57
Clear/lowE(3)-BBG75, 06,23.25
Clear/lowE(3)-BBG75, 07,22.66
Clear/lowE(3)-BBG75, 08,25.68
Clear/lowE(3)-BBG75, 09,28.14
Clear/lowE(3)-BBG75, 10,26.91
Clear/lowE(3)-BBG75, 11,20.16
Clear/lowE(3)-BBG75, 12,17.43
Clear/lowE(3)-HTcellular, 01,527.19
Clear/lowE(3)-HTcellular, 02,696.43
Clear/lowE(3)-HTcellular, 03,789.64
Clear/lowE(3)-HTcellular, 04,878.89
Clear/lowE(3)-HTcellular, 05,880.96
Clear/lowE(3)-HTcellular, 06,899.96
Clear/lowE(3)-HTcellular, 07,865.58
Clear/lowE(3)-HTcellular, 08,871.16
Clear/lowE(3)-HTcellular, 09,821.35
Clear/lowE(3)-HTcellular, 10,684.43
Clear/lowE(3)-HTcellular, 11,455.42
Clear/lowE(3)-HTcellular, 12,377.83
Clear/lowE(3)-LTcellular, 01,222.69
Clear/lowE(3)-LTcellular, 02,291.91
Clear/lowE(3)-LTcellular, 03,329.08
Clear/lowE(3)-LTcellular, 04,366.91
Clear/lowE(3)-LTcellular, 05,368.09
Clear/lowE(3)-LTcellular, 06,377.34
Clear/lowE(3)-LTcellular, 07,362.79
Clear/lowE(3)-LTcellular, 08,363.91
Clear/lowE(3)-LTcellular, 09,342.62
Clear/lowE(3)-LTcellular, 10,284.94
Clear/lowE(3)-LTcellular, 11,191.69
Clear/lowE(3)-LTcellular, 12,160.21
Clear/lowE(3)-VB-15, 01,1550.4
Clear/lowE(3)-VB-15, 02,1045.37
Clear/lowE(3)-VB-15, 03,1106.55
Clear/lowE(3)-VB-15, 04,691.12
Clear/lowE(3)-VB-15, 05,704.37
Clear/lowE(3)-VB-15, 06,725.99
Clear/lowE(3)-VB-15, 07,710.07
Clear/lowE(3)-VB-15, 08,737.89
Clear/lowE(3)-VB-15, 09,844.49
Clear/lowE(3)-VB-15, 10,1145.52
Clear/lowE(3)-VB-15, 11,880.05
Clear/lowE(3)-VB-15, 12,1350.04
Clear/lowE(3)-VB-30, 01,1608.65
Clear/lowE(3)-VB-30, 02,1461.22
Clear/lowE(3)-VB-30, 03,2143.83
Clear/lowE(3)-VB-30, 04,1129.75
Clear/lowE(3)-VB-30, 05,893.77
Clear/lowE(3)-VB-30, 06,933.73
Clear/lowE(3)-VB-30, 07,914.1
Clear/lowE(3)-VB-30, 08,1050.14
Clear/lowE(3)-VB-30, 09,2046.13
Clear/lowE(3)-VB-30, 10,1997.44
Clear/lowE(3)-VB-30, 11,930.76
Clear/lowE(3)-VB-30, 12,1294.62
Clear/lowE(3)-VB-45, 01,1108.14
Clear/lowE(3)-VB-45, 02,1345.0
Clear/lowE(3)-VB-45, 03,2625.5
Clear/lowE(3)-VB-45, 04,1451.06
Clear/lowE(3)-VB-45, 05,948.14
Clear/lowE(3)-VB-45, 06,1030.67
Clear/lowE(3)-VB-45, 07,1001.85
Clear/lowE(3)-VB-45, 08,1206.52
Clear/lowE(3)-VB-45, 09,3036.0
Clear/lowE(3)-VB-45, 10,2153.87
Clear/lowE(3)-VB-45, 11,690.91
Clear/lowE(3)-VB-45, 12,849.49
Clear/lowE(3)-VB-60, 01,521.39
Clear/lowE(3)-VB-60, 02,760.76
Clear/lowE(3)-VB-60, 03,1725.21
Clear/lowE(3)-VB-60, 04,1065.79
Clear/lowE(3)-VB-60, 05,666.88
Clear/lowE(3)-VB-60, 06,810.1
Clear/lowE(3)-VB-60, 07,779.85
Clear/lowE(3)-VB-60, 08,872.74
Clear/lowE(3)-VB-60, 09,2175.09
Clear/lowE(3)-VB-60, 10,1250.31
Clear/lowE(3)-VB-60, 11,360.32
Clear/lowE(3)-VB-60, 12,373.33
Clear/lowE(3)-VB-75, 01,121.42
Clear/lowE(3)-VB-75, 02,206.13
Clear/lowE(3)-VB-75, 03,467.54
Clear/lowE(3)-VB-75, 04,410.41
Clear/lowE(3)-VB-75, 05,268.92
Clear/lowE(3)-VB-75, 06,243.4
Clear/lowE(3)-VB-75, 07,239.32
Clear/lowE(3)-VB-75, 08,336.51
Clear/lowE(3)-VB-75, 09,639.86
Clear/lowE(3)-VB-75, 10,298.02
Clear/lowE(3)-VB-75, 11,109.26
Clear/lowE(3)-VB-75, 12,83.3
Clear/lowE(3)-VB0, 01,992.64
Clear/lowE(3)-VB0, 02,551.59
Clear/lowE(3)-VB0, 03,515.38
Clear/lowE(3)-VB0, 04,513.55
Clear/lowE(3)-VB0, 05,516.97
Clear/lowE(3)-VB0, 06,528.3
Clear/lowE(3)-VB0, 07,514.3
Clear/lowE(3)-VB0, 08,534.51
Clear/lowE(3)-VB0, 09,503.04
Clear/lowE(3)-VB0, 10,468.36
Clear/lowE(3)-VB0, 11,587.37
Clear/lowE(3)-VB0, 12,893.11
Clear/lowE(3)-VB15, 01,496.19
Clear/lowE(3)-VB15, 02,362.38
Clear/lowE(3)-VB15, 03,364.98
Clear/lowE(3)-VB15, 04,377.32
Clear/lowE(3)-VB15, 05,371.96
Clear/lowE(3)-VB15, 06,378.06
Clear/lowE(3)-VB15, 07,367.0
Clear/lowE(3)-VB15, 08,382.83
Clear/lowE(3)-VB15, 09,375.56
Clear/lowE(3)-VB15, 10,334.56
Clear/lowE(3)-VB15, 11,337.77
Clear/lowE(3)-VB15, 12,459.67
Clear/lowE(3)-VB30, 01,187.65
Clear/lowE(3)-VB30, 02,236.97
Clear/lowE(3)-VB30, 03,250.28
Clear/lowE(3)-VB30, 04,249.15
Clear/lowE(3)-VB30, 05,239.99
Clear/lowE(3)-VB30, 06,242.41
Clear/lowE(3)-VB30, 07,234.68
Clear/lowE(3)-VB30, 08,246.08
Clear/lowE(3)-VB30, 09,251.35
Clear/lowE(3)-VB30, 10,227.06
Clear/lowE(3)-VB30, 11,160.95
Clear/lowE(3)-VB30, 12,139.3
Clear/lowE(3)-VB45, 01,117.11
Clear/lowE(3)-VB45, 02,146.08
Clear/lowE(3)-VB45, 03,151.32
Clear/lowE(3)-VB45, 04,146.22
Clear/lowE(3)-VB45, 05,138.2
Clear/lowE(3)-VB45, 06,138.36
Clear/lowE(3)-VB45, 07,133.82
Clear/lowE(3)-VB45, 08,141.72
Clear/lowE(3)-VB45, 09,149.59
Clear/lowE(3)-VB45, 10,138.13
Clear/lowE(3)-VB45, 11,99.7
Clear/lowE(3)-VB45, 12,85.54
Clear/lowE(3)-VB60, 01,65.06
Clear/lowE(3)-VB60, 02,80.77
Clear/lowE(3)-VB60, 03,82.45
Clear/lowE(3)-VB60, 04,79.39
Clear/lowE(3)-VB60, 05,74.98
Clear/lowE(3)-VB60, 06,74.43
Clear/lowE(3)-VB60, 07,72.01
Clear/lowE(3)-VB60, 08,76.82
Clear/lowE(3)-VB60, 09,81.45
Clear/lowE(3)-VB60, 10,75.8
Clear/lowE(3)-VB60, 11,55.03
Clear/lowE(3)-VB60, 12,47.29
Clear/lowE(3)-VB75, 01,26.39
Clear/lowE(3)-VB75, 02,33.53
Clear/lowE(3)-VB75, 03,35.39
Clear/lowE(3)-VB75, 04,35.09
Clear/lowE(3)-VB75, 05,33.56
Clear/lowE(3)-VB75, 06,32.79
Clear/lowE(3)-VB75, 07,31.68
Clear/lowE(3)-VB75, 08,33.9
Clear/lowE(3)-VB75, 09,35.13
Clear/lowE(3)-VB75, 10,31.96
Clear/lowE(3)-VB75, 11,22.46
Clear/lowE(3)-VB75, 12,19.11
Clear/lowE(3)-argon, 01,2044.03
Clear/lowE(3)-argon, 02,1891.4
Clear/lowE(3)-argon, 03,3407.05
Clear/lowE(3)-argon, 04,1722.07
Clear/lowE(3)-argon, 05,948.64
Clear/lowE(3)-argon, 06,966.01
Clear/lowE(3)-argon, 07,960.39
Clear/lowE(3)-argon, 08,1380.08
Clear/lowE(3)-argon, 09,3818.8
Clear/lowE(3)-argon, 10,2787.89
Clear/lowE(3)-argon, 11,1199.85
Clear/lowE(3)-argon, 12,1692.55
Clear/lowE(3)-argon-BBG-15, 01,1497.4
Clear/lowE(3)-argon-BBG-15, 02,1002.85
Clear/lowE(3)-argon-BBG-15, 03,1047.56
Clear/lowE(3)-argon-BBG-15, 04,625.61
Clear/lowE(3)-argon-BBG-15, 05,622.68
Clear/lowE(3)-argon-BBG-15, 06,628.81
Clear/lowE(3)-argon-BBG-15, 07,617.99
Clear/lowE(3)-argon-BBG-15, 08,663.93
Clear/lowE(3)-argon-BBG-15, 09,780.92
Clear/lowE(3)-argon-BBG-15, 10,1081.02
Clear/lowE(3)-argon-BBG-15, 11,848.31
Clear/lowE(3)-argon-BBG-15, 12,1305.31
Clear/lowE(3)-argon-BBG-30, 01,1556.61
Clear/lowE(3)-argon-BBG-30, 02,1404.35
Clear/lowE(3)-argon-BBG-30, 03,2045.04
Clear/lowE(3)-argon-BBG-30, 04,1042.93
Clear/lowE(3)-argon-BBG-30, 05,798.83
Clear/lowE(3)-argon-BBG-30, 06,816.38
Clear/lowE(3)-argon-BBG-30, 07,802.97
Clear/lowE(3)-argon-BBG-30, 08,959.09
Clear/lowE(3)-argon-BBG-30, 09,1944.0
Clear/lowE(3)-argon-BBG-30, 10,1914.71
Clear/lowE(3)-argon-BBG-30, 11,896.94
Clear/lowE(3)-argon-BBG-30, 12,1255.44
Clear/lowE(3)-argon-BBG-45, 01,1082.37
Clear/lowE(3)-argon-BBG-45, 02,1293.24
Clear/lowE(3)-argon-BBG-45, 03,2498.57
Clear/lowE(3)-argon-BBG-45, 04,1308.87
Clear/lowE(3)-argon-BBG-45, 05,797.34
Clear/lowE(3)-argon-BBG-45, 06,847.46
Clear/lowE(3)-argon-BBG-45, 07,828.99
Clear/lowE(3)-argon-BBG-45, 08,1061.16
Clear/lowE(3)-argon-BBG-45, 09,2865.95
Clear/lowE(3)-argon-BBG-45, 10,2058.17
Clear/lowE(3)-argon-BBG-45, 11,674.05
Clear/lowE(3)-argon-BBG-45, 12,828.96
Clear/lowE(3)-argon-BBG-60, 01,492.85
Clear/lowE(3)-argon-BBG-60, 02,735.54
Clear/lowE(3)-argon-BBG-60, 03,1627.5
Clear/lowE(3)-argon-BBG-60, 04,915.06
Clear/lowE(3)-argon-BBG-60, 05,483.78
Clear/lowE(3)-argon-BBG-60, 06,540.36
Clear/lowE(3)-argon-BBG-60, 07,527.22
Clear/lowE(3)-argon-BBG-60, 08,701.32
Clear/lowE(3)-argon-BBG-60, 09,2026.97
Clear/lowE(3)-argon-BBG-60, 10,1196.59
Clear/lowE(3)-argon-BBG-60, 11,345.67
Clear/lowE(3)-argon-BBG-60, 12,348.3
Clear/lowE(3)-argon-BBG-75, 01,106.5
Clear/lowE(3)-argon-BBG-75, 02,167.97
Clear/lowE(3)-argon-BBG-75, 03,384.77
Clear/lowE(3)-argon-BBG-75, 04,310.15
Clear/lowE(3)-argon-BBG-75, 05,167.12
Clear/lowE(3)-argon-BBG-75, 06,138.77
Clear/lowE(3)-argon-BBG-75, 07,139.62
Clear/lowE(3)-argon-BBG-75, 08,236.72
Clear/lowE(3)-argon-BBG-75, 09,530.43
Clear/lowE(3)-argon-BBG-75, 10,233.07
Clear/lowE(3)-argon-BBG-75, 11,95.12
Clear/lowE(3)-argon-BBG-75, 12,73.22
Clear/lowE(3)-argon-BBG0, 01,958.73
Clear/lowE(3)-argon-BBG0, 02,516.9
Clear/lowE(3)-argon-BBG0, 03,465.17
Clear/lowE(3)-argon-BBG0, 04,446.54
Clear/lowE(3)-argon-BBG0, 05,434.66
Clear/lowE(3)-argon-BBG0, 06,433.16
Clear/lowE(3)-argon-BBG0, 07,424.38
Clear/lowE(3)-argon-BBG0, 08,460.61
Clear/lowE(3)-argon-BBG0, 09,455.82
Clear/lowE(3)-argon-BBG0, 10,433.3
Clear/lowE(3)-argon-BBG0, 11,565.78
Clear/lowE(3)-argon-BBG0, 12,867.42
Clear/lowE(3)-argon-BBG15, 01,449.01
Clear/lowE(3)-argon-BBG15, 02,328.98
Clear/lowE(3)-argon-BBG15, 03,322.11
Clear/lowE(3)-argon-BBG15, 04,313.61
Clear/lowE(3)-argon-BBG15, 05,298.42
Clear/lowE(3)-argon-BBG15, 06,294.13
Clear/lowE(3)-argon-BBG15, 07,287.51
Clear/lowE(3)-argon-BBG15, 08,315.39
Clear/lowE(3)-argon-BBG15, 09,326.37
Clear/lowE(3)-argon-BBG15, 10,301.18
Clear/lowE(3)-argon-BBG15, 11,308.44
Clear/lowE(3)-argon-BBG15, 12,422.78
Clear/lowE(3)-argon-BBG30, 01,169.55
Clear/lowE(3)-argon-BBG30, 02,211.33
Clear/lowE(3)-argon-BBG30, 03,210.59
Clear/lowE(3)-argon-BBG30, 04,196.9
Clear/lowE(3)-argon-BBG30, 05,182.92
Clear/lowE(3)-argon-BBG30, 06,177.91
Clear/lowE(3)-argon-BBG30, 07,173.57
Clear/lowE(3)-argon-BBG30, 08,192.93
Clear/lowE(3)-argon-BBG30, 09,208.0
Clear/lowE(3)-argon-BBG30, 10,196.69
Clear/lowE(3)-argon-BBG30, 11,144.76
Clear/lowE(3)-argon-BBG30, 12,125.41
Clear/lowE(3)-argon-BBG45, 01,104.53
Clear/lowE(3)-argon-BBG45, 02,128.01
Clear/lowE(3)-argon-BBG45, 03,123.13
Clear/lowE(3)-argon-BBG45, 04,111.89
Clear/lowE(3)-argon-BBG45, 05,102.19
Clear/lowE(3)-argon-BBG45, 06,98.33
Clear/lowE(3)-argon-BBG45, 07,95.91
Clear/lowE(3)-argon-BBG45, 08,107.91
Clear/lowE(3)-argon-BBG45, 09,119.72
Clear/lowE(3)-argon-BBG45, 10,116.43
Clear/lowE(3)-argon-BBG45, 11,88.38
Clear/lowE(3)-argon-BBG45, 12,76.62
Clear/lowE(3)-argon-BBG60, 01,58.08
Clear/lowE(3)-argon-BBG60, 02,70.63
Clear/lowE(3)-argon-BBG60, 03,67.39
Clear/lowE(3)-argon-BBG60, 04,60.86
Clear/lowE(3)-argon-BBG60, 05,55.68
Clear/lowE(3)-argon-BBG60, 06,53.61
Clear/lowE(3)-argon-BBG60, 07,52.25
Clear/lowE(3)-argon-BBG60, 08,58.7
Clear/lowE(3)-argon-BBG60, 09,65.44
Clear/lowE(3)-argon-BBG60, 10,64.01
Clear/lowE(3)-argon-BBG60, 11,48.81
Clear/lowE(3)-argon-BBG60, 12,42.47
Clear/lowE(3)-argon-BBG75, 01,23.88
Clear/lowE(3)-argon-BBG75, 02,29.46
Clear/lowE(3)-argon-BBG75, 03,28.76
Clear/lowE(3)-argon-BBG75, 04,26.73
Clear/lowE(3)-argon-BBG75, 05,24.57
Clear/lowE(3)-argon-BBG75, 06,23.25
Clear/lowE(3)-argon-BBG75, 07,22.66
Clear/lowE(3)-argon-BBG75, 08,25.68
Clear/lowE(3)-argon-BBG75, 09,28.14
Clear/lowE(3)-argon-BBG75, 10,26.91
Clear/lowE(3)-argon-BBG75, 11,20.16
Clear/lowE(3)-argon-BBG75, 12,17.43
Clear/lowE(3)-argon-HTcellular, 01,527.19
Clear/lowE(3)-argon-HTcellular, 02,696.43
Clear/lowE(3)-argon-HTcellular, 03,789.64
Clear/lowE(3)-argon-HTcellular, 04,878.89
Clear/lowE(3)-argon-HTcellular, 05,880.96
Clear/lowE(3)-argon-HTcellular, 06,899.96
Clear/lowE(3)-argon-HTcellular, 07,865.58
Clear/lowE(3)-argon-HTcellular, 08,871.16
Clear/lowE(3)-argon-HTcellular, 09,821.35
Clear/lowE(3)-argon-HTcellular, 10,684.43
Clear/lowE(3)-argon-HTcellular, 11,455.42
Clear/lowE(3)-argon-HTcellular, 12,377.83
Clear/lowE(3)-argon-LTcellular, 01,222.69
Clear/lowE(3)-argon-LTcellular, 02,291.91
Clear/lowE(3)-argon-LTcellular, 03,329.08
Clear/lowE(3)-argon-LTcellular, 04,366.91
Clear/lowE(3)-argon-LTcellular, 05,368.09
Clear/lowE(3)-argon-LTcellular, 06,377.34
Clear/lowE(3)-argon-LTcellular, 07,362.79
Clear/lowE(3)-argon-LTcellular, 08,363.91
Clear/lowE(3)-argon-LTcellular, 09,342.62
Clear/lowE(3)-argon-LTcellular, 10,284.94
Clear/lowE(3)-argon-LTcellular, 11,191.69
Clear/lowE(3)-argon-LTcellular, 12,160.21
Clear/lowE(3)-argon-VB-15, 01,1550.4
Clear/lowE(3)-argon-VB-15, 02,1045.37
Clear/lowE(3)-argon-VB-15, 03,1106.55
Clear/lowE(3)-argon-VB-15, 04,691.12
Clear/lowE(3)-argon-VB-15, 05,704.37
Clear/lowE(3)-argon-VB-15, 06,725.99
Clear/lowE(3)-argon-VB-15, 07,710.07
Clear/lowE(3)-argon-VB-15, 08,737.89
Clear/lowE(3)-argon-VB-15, 09,844.49
Clear/lowE(3)-argon-VB-15, 10,1145.52
Clear/lowE(3)-argon-VB-15, 11,880.05
Clear/lowE(3)-argon-VB-15, 12,1350.04
Clear/lowE(3)-argon-VB-30, 01,1608.65
Clear/lowE(3)-argon-VB-30, 02,1461.22
Clear/lowE(3)-argon-VB-30, 03,2143.83
Clear/lowE(3)-argon-VB-30, 04,1129.75
Clear/lowE(3)-argon-VB-30, 05,893.77
Clear/lowE(3)-argon-VB-30, 06,933.73
Clear/lowE(3)-argon-VB-30, 07,914.1
Clear/lowE(3)-argon-VB-30, 08,1050.14
Clear/lowE(3)-argon-VB-30, 09,2046.13
Clear/lowE(3)-argon-VB-30, 10,1997.44
Clear/lowE(3)-argon-VB-30, 11,930.76
Clear/lowE(3)-argon-VB-30, 12,1294.62
Clear/lowE(3)-argon-VB-45, 01,1108.14
Clear/lowE(3)-argon-VB-45, 02,1345.0
Clear/lowE(3)-argon-VB-45, 03,2625.5
Clear/lowE(3)-argon-VB-45, 04,1451.06
Clear/lowE(3)-argon-VB-45, 05,948.14
Clear/lowE(3)-argon-VB-45, 06,1030.67
Clear/lowE(3)-argon-VB-45, 07,1001.85
Clear/lowE(3)-argon-VB-45, 08,1206.52
Clear/lowE(3)-argon-VB-45, 09,3036.0
Clear/lowE(3)-argon-VB-45, 10,2153.87
Clear/lowE(3)-argon-VB-45, 11,690.91
Clear/lowE(3)-argon-VB-45, 12,849.49
Clear/lowE(3)-argon-VB-60, 01,521.39
Clear/lowE(3)-argon-VB-60, 02,760.76
Clear/lowE(3)-argon-VB-60, 03,1725.21
Clear/lowE(3)-argon-VB-60, 04,1065.79
Clear/lowE(3)-argon-VB-60, 05,666.88
Clear/lowE(3)-argon-VB-60, 06,810.1
Clear/lowE(3)-argon-VB-60, 07,779.85
Clear/lowE(3)-argon-VB-60, 08,872.74
Clear/lowE(3)-argon-VB-60, 09,2175.09
Clear/lowE(3)-argon-VB-60, 10,1250.31
Clear/lowE(3)-argon-VB-60, 11,360.32
Clear/lowE(3)-argon-VB-60, 12,373.33
Clear/lowE(3)-argon-VB-75, 01,121.42
Clear/lowE(3)-argon-VB-75, 02,206.13
Clear/lowE(3)-argon-VB-75, 03,467.54
Clear/lowE(3)-argon-VB-75, 04,410.41
Clear/lowE(3)-argon-VB-75, 05,268.92
Clear/lowE(3)-argon-VB-75, 06,243.4
Clear/lowE(3)-argon-VB-75, 07,239.32
Clear/lowE(3)-argon-VB-75, 08,336.51
Clear/lowE(3)-argon-VB-75, 09,639.86
Clear/lowE(3)-argon-VB-75, 10,298.02
Clear/lowE(3)-argon-VB-75, 11,109.26
Clear/lowE(3)-argon-VB-75, 12,83.3
Clear/lowE(3)-argon-VB0, 01,992.64
Clear/lowE(3)-argon-VB0, 02,551.59
Clear/lowE(3)-argon-VB0, 03,515.38
Clear/lowE(3)-argon-VB0, 04,513.55
Clear/lowE(3)-argon-VB0, 05,516.97
Clear/lowE(3)-argon-VB0, 06,528.3
Clear/lowE(3)-argon-VB0, 07,514.3
Clear/lowE(3)-argon-VB0, 08,534.51
Clear/lowE(3)-argon-VB0, 09,503.04
Clear/lowE(3)-argon-VB0, 10,468.36
Clear/lowE(3)-argon-VB0, 11,587.37
Clear/lowE(3)-argon-VB0, 12,893.11
Clear/lowE(3)-argon-VB15, 01,496.19
Clear/lowE(3)-argon-VB15, 02,362.38
Clear/lowE(3)-argon-VB15, 03,364.98
Clear/lowE(3)-argon-VB15, 04,377.32
Clear/lowE(3)-argon-VB15, 05,371.96
Clear/lowE(3)-argon-VB15, 06,378.06
Clear/lowE(3)-argon-VB15, 07,367.0
Clear/lowE(3)-argon-VB15, 08,382.83
Clear/lowE(3)-argon-VB15, 09,375.56
Clear/lowE(3)-argon-VB15, 10,334.56
Clear/lowE(3)-argon-VB15, 11,337.77
Clear/lowE(3)-argon-VB15, 12,459.67
Clear/lowE(3)-argon-VB30, 01,187.65
Clear/lowE(3)-argon-VB30, 02,236.97
Clear/lowE(3)-argon-VB30, 03,250.28
Clear/lowE(3)-argon-VB30, 04,249.15
Clear/lowE(3)-argon-VB30, 05,239.99
Clear/lowE(3)-argon-VB30, 06,242.41
Clear/lowE(3)-argon-VB30, 07,234.68
Clear/lowE(3)-argon-VB30, 08,246.08
Clear/lowE(3)-argon-VB30, 09,251.35
Clear/lowE(3)-argon-VB30, 10,227.06
Clear/lowE(3)-argon-VB30, 11,160.95
Clear/lowE(3)-argon-VB30, 12,139.3
Clear/lowE(3)-argon-VB45, 01,117.11
Clear/lowE(3)-argon-VB45, 02,146.08
Clear/lowE(3)-argon-VB45, 03,151.32
Clear/lowE(3)-argon-VB45, 04,146.22
Clear/lowE(3)-argon-VB45, 05,138.2
Clear/lowE(3)-argon-VB45, 06,138.36
Clear/lowE(3)-argon-VB45, 07,133.82
Clear/lowE(3)-argon-VB45, 08,141.72
Clear/lowE(3)-argon-VB45, 09,149.59
Clear/lowE(3)-argon-VB45, 10,138.13
Clear/lowE(3)-argon-VB45, 11,99.7
Clear/lowE(3)-argon-VB45, 12,85.54
Clear/lowE(3)-argon-VB60, 01,65.06
Clear/lowE(3)-argon-VB60, 02,80.77
Clear/lowE(3)-argon-VB60, 03,82.45
Clear/lowE(3)-argon-VB60, 04,79.39
Clear/lowE(3)-argon-VB60, 05,74.98
Clear/lowE(3)-argon-VB60, 06,74.43
Clear/lowE(3)-argon-VB60, 07,72.01
Clear/lowE(3)-argon-VB60, 08,76.82
Clear/lowE(3)-argon-VB60, 09,81.45
Clear/lowE(3)-argon-VB60, 10,75.8
Clear/lowE(3)-argon-VB60, 11,55.03
Clear/lowE(3)-argon-VB60, 12,47.29
Clear/lowE(3)-argon-VB75, 01,26.39
Clear/lowE(3)-argon-VB75, 02,33.53
Clear/lowE(3)-argon-VB75, 03,35.39
Clear/lowE(3)-argon-VB75, 04,35.09
Clear/lowE(3)-argon-VB75, 05,33.56
Clear/lowE(3)-argon-VB75, 06,32.79
Clear/lowE(3)-argon-VB75, 07,31.68
Clear/lowE(3)-argon-VB75, 08,33.9
Clear/lowE(3)-argon-VB75, 09,35.13
Clear/lowE(3)-argon-VB75, 10,31.96
Clear/lowE(3)-argon-VB75, 11,22.46
Clear/lowE(3)-argon-VB75, 12,19.11
lowE(2)/Clear, 01,2044.03
lowE(2)/Clear, 02,1891.4
lowE(2)/Clear, 03,3407.05
lowE(2)/Clear, 04,1722.07
lowE(2)/Clear, 05,948.64
lowE(2)/Clear, 06,966.01
lowE(2)/Clear, 07,960.39
lowE(2)/Clear, 08,1380.08
lowE(2)/Clear, 09,3818.8
lowE(2)/Clear, 10,2787.89
lowE(2)/Clear, 11,1199.85
lowE(2)/Clear, 12,1692.55
lowE(2)/Clear-BBG-15, 01,1495.89
lowE(2)/Clear-BBG-15, 02,1002.27
lowE(2)/Clear-BBG-15, 03,1053.34
lowE(2)/Clear-BBG-15, 04,639.33
lowE(2)/Clear-BBG-15, 05,639.92
lowE(2)/Clear-BBG-15, 06,648.02
lowE(2)/Clear-BBG-15, 07,635.95
lowE(2)/Clear-BBG-15, 08,678.36
lowE(2)/Clear-BBG-15, 09,789.76
lowE(2)/Clear-BBG-15, 10,1083.06
lowE(2)/Clear-BBG-15, 11,847.23
lowE(2)/Clear-BBG-15, 12,1303.96
lowE(2)/Clear-BBG-30, 01,1556.73
lowE(2)/Clear-BBG-30, 02,1405.31
lowE(2)/Clear-BBG-30, 03,2051.25
lowE(2)/Clear-BBG-30, 04,1060.88
lowE(2)/Clear-BBG-30, 05,823.68
lowE(2)/Clear-BBG-30, 06,845.39
lowE(2)/Clear-BBG-30, 07,829.98
lowE(2)/Clear-BBG-30, 08,978.97
lowE(2)/Clear-BBG-30, 09,1954.17
lowE(2)/Clear-BBG-30, 10,1917.67
lowE(2)/Clear-BBG-30, 11,897.07
lowE(2)/Clear-BBG-30, 12,1255.3
lowE(2)/Clear-BBG-45, 01,1086.73
lowE(2)/Clear-BBG-45, 02,1297.61
lowE(2)/Clear-BBG-45, 03,2503.63
lowE(2)/Clear-BBG-45, 04,1326.45
lowE(2)/Clear-BBG-45, 05,825.92
lowE(2)/Clear-BBG-45, 06,883.88
lowE(2)/Clear-BBG-45, 07,862.69
lowE(2)/Clear-BBG-45, 08,1082.44
lowE(2)/Clear-BBG-45, 09,2874.66
lowE(2)/Clear-BBG-45, 10,2062.35
lowE(2)/Clear-BBG-45, 11,677.63
lowE(2)/Clear-BBG-45, 12,832.24
lowE(2)/Clear-BBG-60, 01,498.19
lowE(2)/Clear-BBG-60, 02,741.71
lowE(2)/Clear-BBG-60, 03,1630.62
lowE(2)/Clear-BBG-60, 04,923.28
lowE(2)/Clear-BBG-60, 05,499.83
lowE(2)/Clear-BBG-60, 06,566.08
lowE(2)/Clear-BBG-60, 07,551.08
lowE(2)/Clear-BBG-60, 08,713.44
lowE(2)/Clear-BBG-60, 09,2030.39
lowE(2)/Clear-BBG-60, 10,1201.47
lowE(2)/Clear-BBG-60, 11,350.2
lowE(2)/Clear-BBG-60, 12,352.21
lowE(2)/Clear-BBG-75, 01,107.25
lowE(2)/Clear-BBG-75, 02,169.25
lowE(2)/Clear-BBG-75, 03,386.95
lowE(2)/Clear-BBG-75, 04,309.38
lowE(2)/Clear-BBG-75, 05,163.59
lowE(2)/Clear-BBG-75, 06,134.82
lowE(2)/Clear-BBG-75, 07,136.11
lowE(2)/Clear-BBG-75, 08,235.24
lowE(2)/Clear-BBG-75, 09,531.7
lowE(2)/Clear-BBG-75, 10,234.8
lowE(2)/Clear-BBG-75, 11,95.83
lowE(2)/Clear-BBG-75, 12,73.69
lowE(2)/Clear-BBG0, 01,957.03
lowE(2)/Clear-BBG0, 02,515.68
lowE(2)/Clear-BBG0, 03,469.4
lowE(2)/Clear-BBG0, 04,456.49
lowE(2)/Clear-BBG0, 05,446.81
lowE(2)/Clear-BBG0, 06,446.53
lowE(2)/Clear-BBG0, 07,436.87
lowE(2)/Clear-BBG0, 08,470.98
lowE(2)/Clear-BBG0, 09,462.37
lowE(2)/Clear-BBG0, 10,434.24
lowE(2)/Clear-BBG0, 11,564.55
lowE(2)/Clear-BBG0, 12,866.1
lowE(2)/Clear-BBG15, 01,446.25
lowE(2)/Clear-BBG15, 02,327.2
lowE(2)/Clear-BBG15, 03,325.43
lowE(2)/Clear-BBG15, 04,320.93
lowE(2)/Clear-BBG15, 05,306.94
lowE(2)/Clear-BBG15, 06,303.37
lowE(2)/Clear-BBG15, 07,296.14
lowE(2)/Clear-BBG15, 08,322.79
lowE(2)/Clear-BBG15, 09,331.38
lowE(2)/Clear-BBG15, 10,301.58
lowE(2)/Clear-BBG15, 11,306.53
lowE(2)/Clear-BBG15, 12,420.58
lowE(2)/Clear-BBG30, 01,166.67
lowE(2)/Clear-BBG30, 02,209.73
lowE(2)/Clear-BBG30, 03,212.73
lowE(2)/Clear-BBG30, 04,201.59
lowE(2)/Clear-BBG30, 05,188.1
lowE(2)/Clear-BBG30, 06,183.45
lowE(2)/Clear-BBG30, 07,178.76
lowE(2)/Clear-BBG30, 08,197.53
lowE(2)/Clear-BBG30, 09,211.21
lowE(2)/Clear-BBG30, 10,196.82
lowE(2)/Clear-BBG30, 11,142.85
lowE(2)/Clear-BBG30, 12,122.99
lowE(2)/Clear-BBG45, 01,102.0
lowE(2)/Clear-BBG45, 02,126.07
lowE(2)/Clear-BBG45, 03,123.22
lowE(2)/Clear-BBG45, 04,113.25
lowE(2)/Clear-BBG45, 05,103.66
lowE(2)/Clear-BBG45, 06,99.97
lowE(2)/Clear-BBG45, 07,97.41
lowE(2)/Clear-BBG45, 08,109.19
lowE(2)/Clear-BBG45, 09,120.35
lowE(2)/Clear-BBG45, 10,115.63
lowE(2)/Clear-BBG45, 11,86.53
lowE(2)/Clear-BBG45, 12,74.54
lowE(2)/Clear-BBG60, 01,56.06
lowE(2)/Clear-BBG60, 02,68.77
lowE(2)/Clear-BBG60, 03,66.49
lowE(2)/Clear-BBG60, 04,60.52
lowE(2)/Clear-BBG60, 05,55.33
lowE(2)/Clear-BBG60, 06,53.32
lowE(2)/Clear-BBG60, 07,51.94
lowE(2)/Clear-BBG60, 08,58.31
lowE(2)/Clear-BBG60, 09,64.78
lowE(2)/Clear-BBG60, 10,62.81
lowE(2)/Clear-BBG60, 11,47.24
lowE(2)/Clear-BBG60, 12,40.86
lowE(2)/Clear-BBG75, 01,23.1
lowE(2)/Clear-BBG75, 02,28.74
lowE(2)/Clear-BBG75, 03,28.42
lowE(2)/Clear-BBG75, 04,26.58
lowE(2)/Clear-BBG75, 05,24.41
lowE(2)/Clear-BBG75, 06,23.11
lowE(2)/Clear-BBG75, 07,22.5
lowE(2)/Clear-BBG75, 08,25.5
lowE(2)/Clear-BBG75, 09,27.88
lowE(2)/Clear-BBG75, 10,26.45
lowE(2)/Clear-BBG75, 11,19.55
lowE(2)/Clear-BBG75, 12,16.81
lowE(2)/Clear-HTcellular, 01,534.73
lowE(2)/Clear-HTcellular, 02,706.37
lowE(2)/Clear-HTcellular, 03,800.87
lowE(2)/Clear-HTcellular, 04,891.32
lowE(2)/Clear-HTcellular, 05,893.38
lowE(2)/Clear-HTcellular, 06,912.6
lowE(2)/Clear-HTcellular, 07,877.74
lowE(2)/Clear-HTcellular, 08,883.46
lowE(2)/Clear-HTcellular, 09,833.0
lowE(2)/Clear-HTcellular, 10,694.18
lowE(2)/Clear-HTcellular, 11,461.93
lowE(2)/Clear-HTcellular, 12,383.24
lowE(2)/Clear-LTcellular, 01,228.39
lowE(2)/Clear-LTcellular, 02,299.4
lowE(2)/Clear-LTcellular, 03,337.53
lowE(2)/Clear-LTcellular, 04,376.34
lowE(2)/Clear-LTcellular, 05,377.54
lowE(2)/Clear-LTcellular, 06,387.02
lowE(2)/Clear-LTcellular, 07,372.09
lowE(2)/Clear-LTcellular, 08,373.26
lowE(2)/Clear-LTcellular, 09,351.42
lowE(2)/Clear-LTcellular, 10,292.26
lowE(2)/Clear-LTcellular, 11,196.6
lowE(2)/Clear-LTcellular, 12,164.32
lowE(2)/Clear-VB-15, 01,1552.44
lowE(2)/Clear-VB-15, 02,1048.73
lowE(2)/Clear-VB-15, 03,1110.96
lowE(2)/Clear-VB-15, 04,695.02
lowE(2)/Clear-VB-15, 05,707.67
lowE(2)/Clear-VB-15, 06,729.17
lowE(2)/Clear-VB-15, 07,713.16
lowE(2)/Clear-VB-15, 08,741.44
lowE(2)/Clear-VB-15, 09,848.77
lowE(2)/Clear-VB-15, 10,1149.22
lowE(2)/Clear-VB-15, 11,881.93
lowE(2)/Clear-VB-15, 12,1351.44
lowE(2)/Clear-VB-30, 01,1610.58
lowE(2)/Clear-VB-30, 02,1464.21
lowE(2)/Clear-VB-30, 03,2147.81
lowE(2)/Clear-VB-30, 04,1133.14
lowE(2)/Clear-VB-30, 05,896.6
lowE(2)/Clear-VB-30, 06,936.55
lowE(2)/Clear-VB-30, 07,916.84
lowE(2)/Clear-VB-30, 08,1053.23
lowE(2)/Clear-VB-30, 09,2050.0
lowE(2)/Clear-VB-30, 10,2000.7
lowE(2)/Clear-VB-30, 11,932.53
lowE(2)/Clear-VB-30, 12,1295.97
lowE(2)/Clear-VB-45, 01,1110.41
lowE(2)/Clear-VB-45, 02,1348.43
lowE(2)/Clear-VB-45, 03,2631.22
lowE(2)/Clear-VB-45, 04,1456.67
lowE(2)/Clear-VB-45, 05,952.77
lowE(2)/Clear-VB-45, 06,1035.07
lowE(2)/Clear-VB-45, 07,1006.14
lowE(2)/Clear-VB-45, 08,1211.7
lowE(2)/Clear-VB-45, 09,3042.05
lowE(2)/Clear-VB-45, 10,2157.97
lowE(2)/Clear-VB-45, 11,692.96
lowE(2)/Clear-VB-45, 12,851.06
lowE(2)/Clear-VB-60, 01,524.54
lowE(2)/Clear-VB-60, 02,765.56
lowE(2)/Clear-VB-60, 03,1734.24
lowE(2)/Clear-VB-60, 04,1079.12
lowE(2)/Clear-VB-60, 05,680.32
lowE(2)/Clear-VB-60, 06,823.26
lowE(2)/Clear-VB-60, 07,792.5
lowE(2)/Clear-VB-60, 08,885.99
lowE(2)/Clear-VB-60, 09,2186.0
lowE(2)/Clear-VB-60, 10,1256.3
lowE(2)/Clear-VB-60, 11,363.17
lowE(2)/Clear-VB-60, 12,375.52
lowE(2)/Clear-VB-75, 01,123.93
lowE(2)/Clear-VB-75, 02,209.93
lowE(2)/Clear-VB-75, 03,474.29
lowE(2)/Clear-VB-75, 04,431.49
lowE(2)/Clear-VB-75, 05,296.66
lowE(2)/Clear-VB-75, 06,270.95
lowE(2)/Clear-VB-75, 07,265.09
lowE(2)/Clear-VB-75, 08,359.45
lowE(2)/Clear-VB-75, 09,650.7
lowE(2)/Clear-VB-75, 10,302.53
lowE(2)/Clear-VB-75, 11,111.56
lowE(2)/Clear-VB-75, 12,85.04
lowE(2)/Clear-VB0, 01,995.49
lowE(2)/Clear-VB0, 02,556.44
lowE(2)/Clear-VB0, 03,521.37
lowE(2)/Clear-VB0, 04,518.94
lowE(2)/Clear-VB0, 05,521.81
lowE(2)/Clear-VB0, 06,533.02
lowE(2)/Clear-VB0, 07,518.86
lowE(2)/Clear-VB0, 08,539.55
lowE(2)/Clear-VB0, 09,508.72
lowE(2)/Clear-VB0, 10,473.5
lowE(2)/Clear-VB0, 11,590.03
lowE(2)/Clear-VB0, 12,895.01
lowE(2)/Clear-VB15, 01,501.05
lowE(2)/Clear-VB15, 02,369.47
lowE(2)/Clear-VB15, 03,372.9
lowE(2)/Clear-VB15, 04,384.73
lowE(2)/Clear-VB15, 05,378.68
lowE(2)/Clear-VB15, 06,384.82
lowE(2)/Clear-VB15, 07,373.53
lowE(2)/Clear-VB15, 08,389.74
lowE(2)/Clear-VB15, 09,383.18
lowE(2)/Clear-VB15, 10,341.68
lowE(2)/Clear-VB15, 11,342.11
lowE(2)/Clear-VB15, 12,462.99
lowE(2)/Clear-VB30, 01,193.16
lowE(2)/Clear-VB30, 02,244.12
lowE(2)/Clear-VB30, 03,258.41
lowE(2)/Clear-VB30, 04,256.82
lowE(2)/Clear-VB30, 05,246.97
lowE(2)/Clear-VB30, 06,249.45
lowE(2)/Clear-VB30, 07,241.48
lowE(2)/Clear-VB30, 08,253.23
lowE(2)/Clear-VB30, 09,259.25
lowE(2)/Clear-VB30, 10,234.33
lowE(2)/Clear-VB30, 11,165.7
lowE(2)/Clear-VB30, 12,143.28
lowE(2)/Clear-VB45, 01,121.79
lowE(2)/Clear-VB45, 02,152.14
lowE(2)/Clear-VB45, 03,158.09
lowE(2)/Clear-VB45, 04,152.89
lowE(2)/Clear-VB45, 05,144.55
lowE(2)/Clear-VB45, 06,144.75
lowE(2)/Clear-VB45, 07,139.97
lowE(2)/Clear-VB45, 08,148.08
lowE(2)/Clear-VB45, 09,156.29
lowE(2)/Clear-VB45, 10,144.13
lowE(2)/Clear-VB45, 11,103.71
lowE(2)/Clear-VB45, 12,88.92
lowE(2)/Clear-VB60, 01,68.59
lowE(2)/Clear-VB60, 02,85.3
lowE(2)/Clear-VB60, 03,87.37
lowE(2)/Clear-VB60, 04,84.44
lowE(2)/Clear-VB60, 05,80.01
lowE(2)/Clear-VB60, 06,79.49
lowE(2)/Clear-VB60, 07,76.87
lowE(2)/Clear-VB60, 08,81.75
lowE(2)/Clear-VB60, 09,86.42
lowE(2)/Clear-VB60, 10,80.15
lowE(2)/Clear-VB60, 11,58.05
lowE(2)/Clear-VB60, 12,49.85
lowE(2)/Clear-VB75, 01,28.23
lowE(2)/Clear-VB75, 02,35.96
lowE(2)/Clear-VB75, 03,38.21
lowE(2)/Clear-VB75, 04,38.17
lowE(2)/Clear-VB75, 05,36.7
lowE(2)/Clear-VB75, 06,35.94
lowE(2)/Clear-VB75, 07,34.69
lowE(2)/Clear-VB75, 08,36.91
lowE(2)/Clear-VB75, 09,38.04
lowE(2)/Clear-VB75, 10,34.37
lowE(2)/Clear-VB75, 11,24.05
lowE(2)/Clear-VB75, 12,20.43
lowE(2)/Clear-argon, 01,2044.03
lowE(2)/Clear-argon, 02,1891.4
lowE(2)/Clear-argon, 03,3407.05
lowE(2)/Clear-argon, 04,1722.07
lowE(2)/Clear-argon, 05,948.64
lowE(2)/Clear-argon, 06,966.01
lowE(2)/Clear-argon, 07,960.39
lowE(2)/Clear-argon, 08,1380.08
lowE(2)/Clear-argon, 09,3818.8
lowE(2)/Clear-argon, 10,2787.89
lowE(2)/Clear-argon, 11,1199.85
lowE(2)/Clear-argon, 12,1692.55
lowE(2)/Clear-argon-BBG-15, 01,1495.89
lowE(2)/Clear-argon-BBG-15, 02,1002.27
lowE(2)/Clear-argon-BBG-15, 03,1053.34
lowE(2)/Clear-argon-BBG-15, 04,639.33
lowE(2)/Clear-argon-BBG-15, 05,639.92
lowE(2)/Clear-argon-BBG-15, 06,648.02
lowE(2)/Clear-argon-BBG-15, 07,635.95
lowE(2)/Clear-argon-BBG-15, 08,678.36
lowE(2)/Clear-argon-BBG-15, 09,789.76
lowE(2)/Clear-argon-BBG-15, 10,1083.06
lowE(2)/Clear-argon-BBG-15, 11,847.23
lowE(2)/Clear-argon-BBG-15, 12,1303.96
lowE(2)/Clear-argon-BBG-30, 01,1556.73
lowE(2)/Clear-argon-BBG-30, 02,1405.31
lowE(2)/Clear-argon-BBG-30, 03,2051.25
lowE(2)/Clear-argon-BBG-30, 04,1060.88
lowE(2)/Clear-argon-BBG-30, 05,823.68
lowE(2)/Clear-argon-BBG-30, 06,845.39
lowE(2)/Clear-argon-BBG-30, 07,829.98
lowE(2)/Clear-argon-BBG-30, 08,978.97
lowE(2)/Clear-argon-BBG-30, 09,1954.17
lowE(2)/Clear-argon-BBG-30, 10,1917.67
lowE(2)/Clear-argon-BBG-30, 11,897.07
lowE(2)/Clear-argon-BBG-30, 12,1255.3
lowE(2)/Clear-argon-BBG-45, 01,1086.73
lowE(2)/Clear-argon-BBG-45, 02,1297.61
lowE(2)/Clear-argon-BBG-45, 03,2503.63
lowE(2)/Clear-argon-BBG-45, 04,1326.45
lowE(2)/Clear-argon-BBG-45, 05,825.92
lowE(2)/Clear-argon-BBG-45, 06,883.88
lowE(2)/Clear-argon-BBG-45, 07,862.69
lowE(2)/Clear-argon-BBG-45, 08,1082.44
lowE(2)/Clear-argon-BBG-45, 09,2874.66
lowE(2)/Clear-argon-BBG-45, 10,2062.35
lowE(2)/Clear-argon-BBG-45, 11,677.63
lowE(2)/Clear-argon-BBG-45, 12,832.24
lowE(2)/Clear-argon-BBG-60, 01,498.19
lowE(2)/Clear-argon-BBG-60, 02,741.71
lowE(2)/Clear-argon-BBG-60, 03,1630.62
lowE(2)/Clear-argon-BBG-60, 04,923.28
lowE(2)/Clear-argon-BBG-60, 05,499.83
lowE(2)/Clear-argon-BBG-60, 06,566.08
lowE(2)/Clear-argon-BBG-60, 07,551.08
lowE(2)/Clear-argon-BBG-60, 08,713.44
lowE(2)/Clear-argon-BBG-60, 09,2030.39
lowE(2)/Clear-argon-BBG-60, 10,1201.47
lowE(2)/Clear-argon-BBG-60, 11,350.2
lowE(2)/Clear-argon-BBG-60, 12,352.21
lowE(2)/Clear-argon-BBG-75, 01,107.25
lowE(2)/Clear-argon-BBG-75, 02,169.25
lowE(2)/Clear-argon-BBG-75, 03,386.95
lowE(2)/Clear-argon-BBG-75, 04,309.38
lowE(2)/Clear-argon-BBG-75, 05,163.59
lowE(2)/Clear-argon-BBG-75, 06,134.82
lowE(2)/Clear-argon-BBG-75, 07,136.11
lowE(2)/Clear-argon-BBG-75, 08,235.24
lowE(2)/Clear-argon-BBG-75, 09,531.7
lowE(2)/Clear-argon-BBG-75, 10,234.8
lowE(2)/Clear-argon-BBG-75, 11,95.83
lowE(2)/Clear-argon-BBG-75, 12,73.69
lowE(2)/Clear-argon-BBG0, 01,957.03
lowE(2)/Clear-argon-BBG0, 02,515.68
lowE(2)/Clear-argon-BBG0, 03,469.4
lowE(2)/Clear-argon-BBG0, 04,456.49
lowE(2)/Clear-argon-BBG0, 05,446.81
lowE(2)/Clear-argon-BBG0, 06,446.53
lowE(2)/Clear-argon-BBG0, 07,436.87
lowE(2)/Clear-argon-BBG0, 08,470.98
lowE(2)/Clear-argon-BBG0, 09,462.37
lowE(2)/Clear-argon-BBG0, 10,434.24
lowE(2)/Clear-argon-BBG0, 11,564.55
lowE(2)/Clear-argon-BBG0, 12,866.1
lowE(2)/Clear-argon-BBG15, 01,446.25
lowE(2)/Clear-argon-BBG15, 02,327.2
lowE(2)/Clear-argon-BBG15, 03,325.43
lowE(2)/Clear-argon-BBG15, 04,320.93
lowE(2)/Clear-argon-BBG15, 05,306.94
lowE(2)/Clear-argon-BBG15, 06,303.37
lowE(2)/Clear-argon-BBG15, 07,296.14
lowE(2)/Clear-argon-BBG15, 08,322.79
lowE(2)/Clear-argon-BBG15, 09,331.38
lowE(2)/Clear-argon-BBG15, 10,301.58
lowE(2)/Clear-argon-BBG15, 11,306.53
lowE(2)/Clear-argon-BBG15, 12,420.58
lowE(2)/Clear-argon-BBG30, 01,166.67
lowE(2)/Clear-argon-BBG30, 02,209.73
lowE(2)/Clear-argon-BBG30, 03,212.73
lowE(2)/Clear-argon-BBG30, 04,201.59
lowE(2)/Clear-argon-BBG30, 05,188.1
lowE(2)/Clear-argon-BBG30, 06,183.45
lowE(2)/Clear-argon-BBG30, 07,178.76
lowE(2)/Clear-argon-BBG30, 08,197.53
lowE(2)/Clear-argon-BBG30, 09,211.21
lowE(2)/Clear-argon-BBG30, 10,196.82
lowE(2)/Clear-argon-BBG30, 11,142.85
lowE(2)/Clear-argon-BBG30, 12,122.99
lowE(2)/Clear-argon-BBG45, 01,102.0
lowE(2)/Clear-argon-BBG45, 02,126.07
lowE(2)/Clear-argon-BBG45, 03,123.22
lowE(2)/Clear-argon-BBG45, 04,113.25
lowE(2)/Clear-argon-BBG45, 05,103.66
lowE(2)/Clear-argon-BBG45, 06,99.97
lowE(2)/Clear-argon-BBG45, 07,97.41
lowE(2)/Clear-argon-BBG45, 08,109.19
lowE(2)/Clear-argon-BBG45, 09,120.35
lowE(2)/Clear-argon-BBG45, 10,115.63
lowE(2)/Clear-argon-BBG45, 11,86.53
lowE(2)/Clear-argon-BBG45, 12,74.54
lowE(2)/Clear-argon-BBG60, 01,56.06
lowE(2)/Clear-argon-BBG60, 02,68.77
lowE(2)/Clear-argon-BBG60, 03,66.49
lowE(2)/Clear-argon-BBG60, 04,60.52
lowE(2)/Clear-argon-BBG60, 05,55.33
lowE(2)/Clear-argon-BBG60, 06,53.32
lowE(2)/Clear-argon-BBG60, 07,51.94
lowE(2)/Clear-argon-BBG60, 08,58.31
lowE(2)/Clear-argon-BBG60, 09,64.78
lowE(2)/Clear-argon-BBG60, 10,62.81
lowE(2)/Clear-argon-BBG60, 11,47.24
lowE(2)/Clear-argon-BBG60, 12,40.86
lowE(2)/Clear-argon-BBG75, 01,23.1
lowE(2)/Clear-argon-BBG75, 02,28.74
lowE(2)/Clear-argon-BBG75, 03,28.42
lowE(2)/Clear-argon-BBG75, 04,26.58
lowE(2)/Clear-argon-BBG75, 05,24.41
lowE(2)/Clear-argon-BBG75, 06,23.11
lowE(2)/Clear-argon-BBG75, 07,22.5
lowE(2)/Clear-argon-BBG75, 08,25.5
lowE(2)/Clear-argon-BBG75, 09,27.88
lowE(2)/Clear-argon-BBG75, 10,26.45
lowE(2)/Clear-argon-BBG75, 11,19.55
lowE(2)/Clear-argon-BBG75, 12,16.81
lowE(2)/Clear-argon-HTcellular, 01,534.73
lowE(2)/Clear-argon-HTcellular, 02,706.37
lowE(2)/Clear-argon-HTcellular, 03,800.87
lowE(2)/Clear-argon-HTcellular, 04,891.32
lowE(2)/Clear-argon-HTcellular, 05,893.38
lowE(2)/Clear-argon-HTcellular, 06,912.6
lowE(2)/Clear-argon-HTcellular, 07,877.74
lowE(2)/Clear-argon-HTcellular, 08,883.46
lowE(2)/Clear-argon-HTcellular, 09,833.0
lowE(2)/Clear-argon-HTcellular, 10,694.18
lowE(2)/Clear-argon-HTcellular, 11,461.93
lowE(2)/Clear-argon-HTcellular, 12,383.24
lowE(2)/Clear-argon-LTcellular, 01,228.39
lowE(2)/Clear-argon-LTcellular, 02,299.4
lowE(2)/Clear-argon-LTcellular, 03,337.53
lowE(2)/Clear-argon-LTcellular, 04,376.34
lowE(2)/Clear-argon-LTcellular, 05,377.54
lowE(2)/Clear-argon-LTcellular, 06,387.02
lowE(2)/Clear-argon-LTcellular, 07,372.09
lowE(2)/Clear-argon-LTcellular, 08,373.26
lowE(2)/Clear-argon-LTcellular, 09,351.42
lowE(2)/Clear-argon-LTcellular, 10,292.26
lowE(2)/Clear-argon-LTcellular, 11,196.6
lowE(2)/Clear-argon-LTcellular, 12,164.32
lowE(2)/Clear-argon-VB-15, 01,1552.44
lowE(2)/Clear-argon-VB-15, 02,1048.73
lowE(2)/Clear-argon-VB-15, 03,1110.96
lowE(2)/Clear-argon-VB-15, 04,695.02
lowE(2)/Clear-argon-VB-15, 05,707.67
lowE(2)/Clear-argon-VB-15, 06,729.17
lowE(2)/Clear-argon-VB-15, 07,713.16
lowE(2)/Clear-argon-VB-15, 08,741.44
lowE(2)/Clear-argon-VB-15, 09,848.77
lowE(2)/Clear-argon-VB-15, 10,1149.22
lowE(2)/Clear-argon-VB-15, 11,881.93
lowE(2)/Clear-argon-VB-15, 12,1351.44
lowE(2)/Clear-argon-VB-30, 01,1610.58
lowE(2)/Clear-argon-VB-30, 02,1464.21
lowE(2)/Clear-argon-VB-30, 03,2147.81
lowE(2)/Clear-argon-VB-30, 04,1133.14
lowE(2)/Clear-argon-VB-30, 05,896.6
lowE(2)/Clear-argon-VB-30, 06,936.55
lowE(2)/Clear-argon-VB-30, 07,916.84
lowE(2)/Clear-argon-VB-30, 08,1053.23
lowE(2)/Clear-argon-VB-30, 09,2050.0
lowE(2)/Clear-argon-VB-30, 10,2000.7
lowE(2)/Clear-argon-VB-30, 11,932.53
lowE(2)/Clear-argon-VB-30, 12,1295.97
lowE(2)/Clear-argon-VB-45, 01,1110.41
lowE(2)/Clear-argon-VB-45, 02,1348.43
lowE(2)/Clear-argon-VB-45, 03,2631.22
lowE(2)/Clear-argon-VB-45, 04,1456.67
lowE(2)/Clear-argon-VB-45, 05,952.77
lowE(2)/Clear-argon-VB-45, 06,1035.07
lowE(2)/Clear-argon-VB-45, 07,1006.14
lowE(2)/Clear-argon-VB-45, 08,1211.7
lowE(2)/Clear-argon-VB-45, 09,3042.05
lowE(2)/Clear-argon-VB-45, 10,2157.97
lowE(2)/Clear-argon-VB-45, 11,692.96
lowE(2)/Clear-argon-VB-45, 12,851.06
lowE(2)/Clear-argon-VB-60, 01,524.54
lowE(2)/Clear-argon-VB-60, 02,765.56
lowE(2)/Clear-argon-VB-60, 03,1734.24
lowE(2)/Clear-argon-VB-60, 04,1079.12
lowE(2)/Clear-argon-VB-60, 05,680.32
lowE(2)/Clear-argon-VB-60, 06,823.26
lowE(2)/Clear-argon-VB-60, 07,792.5
lowE(2)/Clear-argon-VB-60, 08,885.99
lowE(2)/Clear-argon-VB-60, 09,2186.0
lowE(2)/Clear-argon-VB-60, 10,1256.3
lowE(2)/Clear-argon-VB-60, 11,363.17
lowE(2)/Clear-argon-VB-60, 12,375.52
lowE(2)/Clear-argon-VB-75, 01,123.93
lowE(2)/Clear-argon-VB-75, 02,209.93
lowE(2)/Clear-argon-VB-75, 03,474.29
lowE(2)/Clear-argon-VB-75, 04,431.49
lowE(2)/Clear-argon-VB-75, 05,296.66
lowE(2)/Clear-argon-VB-75, 06,270.95
lowE(2)/Clear-argon-VB-75, 07,265.09
lowE(2)/Clear-argon-VB-75, 08,359.45
lowE(2)/Clear-argon-VB-75, 09,650.7
lowE(2)/Clear-argon-VB-75, 10,302.53
lowE(2)/Clear-argon-VB-75, 11,111.56
lowE(2)/Clear-argon-VB-75, 12,85.04
lowE(2)/Clear-argon-VB0, 01,995.49
lowE(2)/Clear-argon-VB0, 02,556.44
lowE(2)/Clear-argon-VB0, 03,521.37
lowE(2)/Clear-argon-VB0, 04,518.94
lowE(2)/Clear-argon-VB0, 05,521.81
lowE(2)/Clear-argon-VB0, 06,533.02
lowE(2)/Clear-argon-VB0, 07,518.86
lowE(2)/Clear-argon-VB0, 08,539.55
lowE(2)/Clear-argon-VB0, 09,508.72
lowE(2)/Clear-argon-VB0, 10,473.5
lowE(2)/Clear-argon-VB0, 11,590.03
lowE(2)/Clear-argon-VB0, 12,895.01
lowE(2)/Clear-argon-VB15, 01,501.05
lowE(2)/Clear-argon-VB15, 02,369.47
lowE(2)/Clear-argon-VB15, 03,372.9
lowE(2)/Clear-argon-VB15, 04,384.73
lowE(2)/Clear-argon-VB15, 05,378.68
lowE(2)/Clear-argon-VB15, 06,384.82
lowE(2)/Clear-argon-VB15, 07,373.53
lowE(2)/Clear-argon-VB15, 08,389.74
lowE(2)/Clear-argon-VB15, 09,383.18
lowE(2)/Clear-argon-VB15, 10,341.68
lowE(2)/Clear-argon-VB15, 11,342.11
lowE(2)/Clear-argon-VB15, 12,462.99
lowE(2)/Clear-argon-VB30, 01,193.16
lowE(2)/Clear-argon-VB30, 02,244.12
lowE(2)/Clear-argon-VB30, 03,258.41
lowE(2)/Clear-argon-VB30, 04,256.82
lowE(2)/Clear-argon-VB30, 05,246.97
lowE(2)/Clear-argon-VB30, 06,249.45
lowE(2)/Clear-argon-VB30, 07,241.48
lowE(2)/Clear-argon-VB30, 08,253.23
lowE(2)/Clear-argon-VB30, 09,259.25
lowE(2)/Clear-argon-VB30, 10,234.33
lowE(2)/Clear-argon-VB30, 11,165.7
lowE(2)/Clear-argon-VB30, 12,143.28
lowE(2)/Clear-argon-VB45, 01,121.79
lowE(2)/Clear-argon-VB45, 02,152.14
lowE(2)/Clear-argon-VB45, 03,158.09
lowE(2)/Clear-argon-VB45, 04,152.89
lowE(2)/Clear-argon-VB45, 05,144.55
lowE(2)/Clear-argon-VB45, 06,144.75
lowE(2)/Clear-argon-VB45, 07,139.97
lowE(2)/Clear-argon-VB45, 08,148.08
lowE(2)/Clear-argon-VB45, 09,156.29
lowE(2)/Clear-argon-VB45, 10,144.13
lowE(2)/Clear-argon-VB45, 11,103.71
lowE(2)/Clear-argon-VB45, 12,88.92
lowE(2)/Clear-argon-VB60, 01,68.59
lowE(2)/Clear-argon-VB60, 02,85.3
lowE(2)/Clear-argon-VB60, 03,87.37
lowE(2)/Clear-argon-VB60, 04,84.44
lowE(2)/Clear-argon-VB60, 05,80.01
lowE(2)/Clear-argon-VB60, 06,79.49
lowE(2)/Clear-argon-VB60, 07,76.87
lowE(2)/Clear-argon-VB60, 08,81.75
lowE(2)/Clear-argon-VB60, 09,86.42
lowE(2)/Clear-argon-VB60, 10,80.15
lowE(2)/Clear-argon-VB60, 11,58.05
lowE(2)/Clear-argon-VB60, 12,49.85
lowE(2)/Clear-argon-VB75, 01,28.23
lowE(2)/Clear-argon-VB75, 02,35.96
lowE(2)/Clear-argon-VB75, 03,38.21
lowE(2)/Clear-argon-VB75, 04,38.17
lowE(2)/Clear-argon-VB75, 05,36.7
lowE(2)/Clear-argon-VB75, 06,35.94
lowE(2)/Clear-argon-VB75, 07,34.69
lowE(2)/Clear-argon-VB75, 08,36.91
lowE(2)/Clear-argon-VB75, 09,38.04
lowE(2)/Clear-argon-VB75, 10,34.37
lowE(2)/Clear-argon-VB75, 11,24.05
lowE(2)/Clear-argon-VB75, 12,20.43
lowE(2)/Clear/lowE(5)-argon, 01,1583.6
lowE(2)/Clear/lowE(5)-argon, 02,1448.4
lowE(2)/Clear/lowE(5)-argon, 03,2570.88
lowE(2)/Clear/lowE(5)-argon, 04,1295.07
lowE(2)/Clear/lowE(5)-argon, 05,723.65
lowE(2)/Clear/lowE(5)-argon, 06,737.03
lowE(2)/Clear/lowE(5)-argon, 07,732.73
lowE(2)/Clear/lowE(5)-argon, 08,1044.92
lowE(2)/Clear/lowE(5)-argon, 09,2855.32
lowE(2)/Clear/lowE(5)-argon, 10,2119.46
lowE(2)/Clear/lowE(5)-argon, 11,927.83
lowE(2)/Clear/lowE(5)-argon, 12,1316.52
lowE(2)/Clear/lowE(5)-argon-BBG-15, 01,1161.86
lowE(2)/Clear/lowE(5)-argon-BBG-15, 02,773.31
lowE(2)/Clear/lowE(5)-argon-BBG-15, 03,808.35
lowE(2)/Clear/lowE(5)-argon-BBG-15, 04,493.37
lowE(2)/Clear/lowE(5)-argon-BBG-15, 05,493.44
lowE(2)/Clear/lowE(5)-argon-BBG-15, 06,499.65
lowE(2)/Clear/lowE(5)-argon-BBG-15, 07,490.42
lowE(2)/Clear/lowE(5)-argon-BBG-15, 08,523.46
lowE(2)/Clear/lowE(5)-argon-BBG-15, 09,607.73
lowE(2)/Clear/lowE(5)-argon-BBG-15, 10,831.33
lowE(2)/Clear/lowE(5)-argon-BBG-15, 11,658.8
lowE(2)/Clear/lowE(5)-argon-BBG-15, 12,1016.23
lowE(2)/Clear/lowE(5)-argon-BBG-30, 01,1205.13
lowE(2)/Clear/lowE(5)-argon-BBG-30, 02,1076.97
lowE(2)/Clear/lowE(5)-argon-BBG-30, 03,1553.71
lowE(2)/Clear/lowE(5)-argon-BBG-30, 04,804.74
lowE(2)/Clear/lowE(5)-argon-BBG-30, 05,631.09
lowE(2)/Clear/lowE(5)-argon-BBG-30, 06,647.77
lowE(2)/Clear/lowE(5)-argon-BBG-30, 07,635.91
lowE(2)/Clear/lowE(5)-argon-BBG-30, 08,746.41
lowE(2)/Clear/lowE(5)-argon-BBG-30, 09,1467.84
lowE(2)/Clear/lowE(5)-argon-BBG-30, 10,1458.42
lowE(2)/Clear/lowE(5)-argon-BBG-30, 11,694.23
lowE(2)/Clear/lowE(5)-argon-BBG-30, 12,975.21
lowE(2)/Clear/lowE(5)-argon-BBG-45, 01,838.49
lowE(2)/Clear/lowE(5)-argon-BBG-45, 02,990.75
lowE(2)/Clear/lowE(5)-argon-BBG-45, 03,1882.64
lowE(2)/Clear/lowE(5)-argon-BBG-45, 04,996.23
lowE(2)/Clear/lowE(5)-argon-BBG-45, 05,631.15
lowE(2)/Clear/lowE(5)-argon-BBG-45, 06,675.7
lowE(2)/Clear/lowE(5)-argon-BBG-45, 07,659.29
lowE(2)/Clear/lowE(5)-argon-BBG-45, 08,819.1
lowE(2)/Clear/lowE(5)-argon-BBG-45, 09,2139.95
lowE(2)/Clear/lowE(5)-argon-BBG-45, 10,1561.95
lowE(2)/Clear/lowE(5)-argon-BBG-45, 11,521.85
lowE(2)/Clear/lowE(5)-argon-BBG-45, 12,644.32
lowE(2)/Clear/lowE(5)-argon-BBG-60, 01,384.04
lowE(2)/Clear/lowE(5)-argon-BBG-60, 02,567.62
lowE(2)/Clear/lowE(5)-argon-BBG-60, 03,1226.13
lowE(2)/Clear/lowE(5)-argon-BBG-60, 04,696.29
lowE(2)/Clear/lowE(5)-argon-BBG-60, 05,385.51
lowE(2)/Clear/lowE(5)-argon-BBG-60, 06,435.09
lowE(2)/Clear/lowE(5)-argon-BBG-60, 07,423.54
lowE(2)/Clear/lowE(5)-argon-BBG-60, 08,542.97
lowE(2)/Clear/lowE(5)-argon-BBG-60, 09,1512.0
lowE(2)/Clear/lowE(5)-argon-BBG-60, 10,911.5
lowE(2)/Clear/lowE(5)-argon-BBG-60, 11,269.6
lowE(2)/Clear/lowE(5)-argon-BBG-60, 12,272.04
lowE(2)/Clear/lowE(5)-argon-BBG-75, 01,83.01
lowE(2)/Clear/lowE(5)-argon-BBG-75, 02,130.87
lowE(2)/Clear/lowE(5)-argon-BBG-75, 03,294.05
lowE(2)/Clear/lowE(5)-argon-BBG-75, 04,240.23
lowE(2)/Clear/lowE(5)-argon-BBG-75, 05,133.39
lowE(2)/Clear/lowE(5)-argon-BBG-75, 06,111.28
lowE(2)/Clear/lowE(5)-argon-BBG-75, 07,111.77
lowE(2)/Clear/lowE(5)-argon-BBG-75, 08,185.51
lowE(2)/Clear/lowE(5)-argon-BBG-75, 09,401.43
lowE(2)/Clear/lowE(5)-argon-BBG-75, 10,180.2
lowE(2)/Clear/lowE(5)-argon-BBG-75, 11,74.16
lowE(2)/Clear/lowE(5)-argon-BBG-75, 12,57.05
lowE(2)/Clear/lowE(5)-argon-BBG0, 01,745.09
lowE(2)/Clear/lowE(5)-argon-BBG0, 02,402.08
lowE(2)/Clear/lowE(5)-argon-BBG0, 03,365.4
lowE(2)/Clear/lowE(5)-argon-BBG0, 04,355.32
lowE(2)/Clear/lowE(5)-argon-BBG0, 05,347.54
lowE(2)/Clear/lowE(5)-argon-BBG0, 06,347.27
lowE(2)/Clear/lowE(5)-argon-BBG0, 07,339.81
lowE(2)/Clear/lowE(5)-argon-BBG0, 08,366.57
lowE(2)/Clear/lowE(5)-argon-BBG0, 09,360.24
lowE(2)/Clear/lowE(5)-argon-BBG0, 10,338.7
lowE(2)/Clear/lowE(5)-argon-BBG0, 11,440.28
lowE(2)/Clear/lowE(5)-argon-BBG0, 12,676.11
lowE(2)/Clear/lowE(5)-argon-BBG15, 01,349.46
lowE(2)/Clear/lowE(5)-argon-BBG15, 02,257.54
lowE(2)/Clear/lowE(5)-argon-BBG15, 03,256.31
lowE(2)/Clear/lowE(5)-argon-BBG15, 04,252.77
lowE(2)/Clear/lowE(5)-argon-BBG15, 05,241.72
lowE(2)/Clear/lowE(5)-argon-BBG15, 06,238.91
lowE(2)/Clear/lowE(5)-argon-BBG15, 07,233.22
lowE(2)/Clear/lowE(5)-argon-BBG15, 08,254.14
lowE(2)/Clear/lowE(5)-argon-BBG15, 09,260.96
lowE(2)/Clear/lowE(5)-argon-BBG15, 10,237.61
lowE(2)/Clear/lowE(5)-argon-BBG15, 11,240.47
lowE(2)/Clear/lowE(5)-argon-BBG15, 12,329.47
lowE(2)/Clear/lowE(5)-argon-BBG30, 01,132.64
lowE(2)/Clear/lowE(5)-argon-BBG30, 02,167.04
lowE(2)/Clear/lowE(5)-argon-BBG30, 03,169.79
lowE(2)/Clear/lowE(5)-argon-BBG30, 04,161.2
lowE(2)/Clear/lowE(5)-argon-BBG30, 05,150.59
lowE(2)/Clear/lowE(5)-argon-BBG30, 06,146.9
lowE(2)/Clear/lowE(5)-argon-BBG30, 07,143.1
lowE(2)/Clear/lowE(5)-argon-BBG30, 08,157.9
lowE(2)/Clear/lowE(5)-argon-BBG30, 09,168.68
lowE(2)/Clear/lowE(5)-argon-BBG30, 10,156.97
lowE(2)/Clear/lowE(5)-argon-BBG30, 11,113.58
lowE(2)/Clear/lowE(5)-argon-BBG30, 12,97.77
lowE(2)/Clear/lowE(5)-argon-BBG45, 01,82.05
lowE(2)/Clear/lowE(5)-argon-BBG45, 02,101.71
lowE(2)/Clear/lowE(5)-argon-BBG45, 03,99.95
lowE(2)/Clear/lowE(5)-argon-BBG45, 04,92.27
lowE(2)/Clear/lowE(5)-argon-BBG45, 05,84.75
lowE(2)/Clear/lowE(5)-argon-BBG45, 06,81.8
lowE(2)/Clear/lowE(5)-argon-BBG45, 07,79.66
lowE(2)/Clear/lowE(5)-argon-BBG45, 08,88.97
lowE(2)/Clear/lowE(5)-argon-BBG45, 09,97.76
lowE(2)/Clear/lowE(5)-argon-BBG45, 10,93.51
lowE(2)/Clear/lowE(5)-argon-BBG45, 11,69.63
lowE(2)/Clear/lowE(5)-argon-BBG45, 12,59.9
lowE(2)/Clear/lowE(5)-argon-BBG60, 01,45.68
lowE(2)/Clear/lowE(5)-argon-BBG60, 02,56.2
lowE(2)/Clear/lowE(5)-argon-BBG60, 03,54.7
lowE(2)/Clear/lowE(5)-argon-BBG60, 04,50.08
lowE(2)/Clear/lowE(5)-argon-BBG60, 05,46.01
lowE(2)/Clear/lowE(5)-argon-BBG60, 06,44.39
lowE(2)/Clear/lowE(5)-argon-BBG60, 07,43.2
lowE(2)/Clear/lowE(5)-argon-BBG60, 08,48.26
lowE(2)/Clear/lowE(5)-argon-BBG60, 09,53.39
lowE(2)/Clear/lowE(5)-argon-BBG60, 10,51.47
lowE(2)/Clear/lowE(5)-argon-BBG60, 11,38.53
lowE(2)/Clear/lowE(5)-argon-BBG60, 12,33.28
lowE(2)/Clear/lowE(5)-argon-BBG75, 01,18.85
lowE(2)/Clear/lowE(5)-argon-BBG75, 02,23.49
lowE(2)/Clear/lowE(5)-argon-BBG75, 03,23.34
lowE(2)/Clear/lowE(5)-argon-BBG75, 04,21.91
lowE(2)/Clear/lowE(5)-argon-BBG75, 05,20.2
lowE(2)/Clear/lowE(5)-argon-BBG75, 06,19.15
lowE(2)/Clear/lowE(5)-argon-BBG75, 07,18.64
lowE(2)/Clear/lowE(5)-argon-BBG75, 08,21.04
lowE(2)/Clear/lowE(5)-argon-BBG75, 09,22.92
lowE(2)/Clear/lowE(5)-argon-BBG75, 10,21.66
lowE(2)/Clear/lowE(5)-argon-BBG75, 11,15.96
lowE(2)/Clear/lowE(5)-argon-BBG75, 12,13.71
lowE(2)/Clear/lowE(5)-argon-HTcellular, 01,406.33
lowE(2)/Clear/lowE(5)-argon-HTcellular, 02,536.73
lowE(2)/Clear/lowE(5)-argon-HTcellular, 03,608.54
lowE(2)/Clear/lowE(5)-argon-HTcellular, 04,677.25
lowE(2)/Clear/lowE(5)-argon-HTcellular, 05,678.8
lowE(2)/Clear/lowE(5)-argon-HTcellular, 06,693.39
lowE(2)/Clear/lowE(5)-argon-HTcellular, 07,666.92
lowE(2)/Clear/lowE(5)-argon-HTcellular, 08,671.32
lowE(2)/Clear/lowE(5)-argon-HTcellular, 09,632.97
lowE(2)/Clear/lowE(5)-argon-HTcellular, 10,527.49
lowE(2)/Clear/lowE(5)-argon-HTcellular, 11,351.01
lowE(2)/Clear/lowE(5)-argon-HTcellular, 12,291.21
lowE(2)/Clear/lowE(5)-argon-LTcellular, 01,173.06
lowE(2)/Clear/lowE(5)-argon-LTcellular, 02,226.86
lowE(2)/Clear/lowE(5)-argon-LTcellular, 03,255.76
lowE(2)/Clear/lowE(5)-argon-LTcellular, 04,285.17
lowE(2)/Clear/lowE(5)-argon-LTcellular, 05,286.11
lowE(2)/Clear/lowE(5)-argon-LTcellular, 06,293.29
lowE(2)/Clear/lowE(5)-argon-LTcellular, 07,281.98
lowE(2)/Clear/lowE(5)-argon-LTcellular, 08,282.86
lowE(2)/Clear/lowE(5)-argon-LTcellular, 09,266.29
lowE(2)/Clear/lowE(5)-argon-LTcellular, 10,221.46
lowE(2)/Clear/lowE(5)-argon-LTcellular, 11,148.98
lowE(2)/Clear/lowE(5)-argon-LTcellular, 12,124.5
lowE(2)/Clear/lowE(5)-argon-VB-15, 01,1205.59
lowE(2)/Clear/lowE(5)-argon-VB-15, 02,806.76
lowE(2)/Clear/lowE(5)-argon-VB-15, 03,849.68
lowE(2)/Clear/lowE(5)-argon-VB-15, 04,532.47
lowE(2)/Clear/lowE(5)-argon-VB-15, 05,542.37
lowE(2)/Clear/lowE(5)-argon-VB-15, 06,558.97
lowE(2)/Clear/lowE(5)-argon-VB-15, 07,546.82
lowE(2)/Clear/lowE(5)-argon-VB-15, 08,568.65
lowE(2)/Clear/lowE(5)-argon-VB-15, 09,649.24
lowE(2)/Clear/lowE(5)-argon-VB-15, 10,879.78
lowE(2)/Clear/lowE(5)-argon-VB-15, 11,684.58
lowE(2)/Clear/lowE(5)-argon-VB-15, 12,1053.42
lowE(2)/Clear/lowE(5)-argon-VB-30, 01,1247.62
lowE(2)/Clear/lowE(5)-argon-VB-30, 02,1121.77
lowE(2)/Clear/lowE(5)-argon-VB-30, 03,1628.7
lowE(2)/Clear/lowE(5)-argon-VB-30, 04,859.23
lowE(2)/Clear/lowE(5)-argon-VB-30, 05,686.05
lowE(2)/Clear/lowE(5)-argon-VB-30, 06,716.92
lowE(2)/Clear/lowE(5)-argon-VB-30, 07,701.79
lowE(2)/Clear/lowE(5)-argon-VB-30, 08,802.54
lowE(2)/Clear/lowE(5)-argon-VB-30, 09,1542.48
lowE(2)/Clear/lowE(5)-argon-VB-30, 10,1523.31
lowE(2)/Clear/lowE(5)-argon-VB-30, 11,721.17
lowE(2)/Clear/lowE(5)-argon-VB-30, 12,1007.66
lowE(2)/Clear/lowE(5)-argon-VB-45, 01,856.91
lowE(2)/Clear/lowE(5)-argon-VB-45, 02,1029.35
lowE(2)/Clear/lowE(5)-argon-VB-45, 03,1981.7
lowE(2)/Clear/lowE(5)-argon-VB-45, 04,1095.18
lowE(2)/Clear/lowE(5)-argon-VB-45, 05,727.34
lowE(2)/Clear/lowE(5)-argon-VB-45, 06,791.16
lowE(2)/Clear/lowE(5)-argon-VB-45, 07,768.78
lowE(2)/Clear/lowE(5)-argon-VB-45, 08,917.2
lowE(2)/Clear/lowE(5)-argon-VB-45, 09,2270.79
lowE(2)/Clear/lowE(5)-argon-VB-45, 10,1636.68
lowE(2)/Clear/lowE(5)-argon-VB-45, 11,533.07
lowE(2)/Clear/lowE(5)-argon-VB-45, 12,659.2
lowE(2)/Clear/lowE(5)-argon-VB-60, 01,402.59
lowE(2)/Clear/lowE(5)-argon-VB-60, 02,582.97
lowE(2)/Clear/lowE(5)-argon-VB-60, 03,1301.51
lowE(2)/Clear/lowE(5)-argon-VB-60, 04,806.96
lowE(2)/Clear/lowE(5)-argon-VB-60, 05,514.46
lowE(2)/Clear/lowE(5)-argon-VB-60, 06,623.87
lowE(2)/Clear/lowE(5)-argon-VB-60, 07,600.5
lowE(2)/Clear/lowE(5)-argon-VB-60, 08,666.23
lowE(2)/Clear/lowE(5)-argon-VB-60, 09,1627.31
lowE(2)/Clear/lowE(5)-argon-VB-60, 10,951.06
lowE(2)/Clear/lowE(5)-argon-VB-60, 11,277.69
lowE(2)/Clear/lowE(5)-argon-VB-60, 12,288.95
lowE(2)/Clear/lowE(5)-argon-VB-75, 01,93.45
lowE(2)/Clear/lowE(5)-argon-VB-75, 02,158.5
lowE(2)/Clear/lowE(5)-argon-VB-75, 03,354.86
lowE(2)/Clear/lowE(5)-argon-VB-75, 04,316.67
lowE(2)/Clear/lowE(5)-argon-VB-75, 05,213.29
lowE(2)/Clear/lowE(5)-argon-VB-75, 06,193.8
lowE(2)/Clear/lowE(5)-argon-VB-75, 07,190.18
lowE(2)/Clear/lowE(5)-argon-VB-75, 08,262.27
lowE(2)/Clear/lowE(5)-argon-VB-75, 09,483.2
lowE(2)/Clear/lowE(5)-argon-VB-75, 10,227.89
lowE(2)/Clear/lowE(5)-argon-VB-75, 11,84.09
lowE(2)/Clear/lowE(5)-argon-VB-75, 12,64.13
lowE(2)/Clear/lowE(5)-argon-VB0, 01,772.83
lowE(2)/Clear/lowE(5)-argon-VB0, 02,428.52
lowE(2)/Clear/lowE(5)-argon-VB0, 03,399.14
lowE(2)/Clear/lowE(5)-argon-VB0, 04,397.68
lowE(2)/Clear/lowE(5)-argon-VB0, 05,400.17
lowE(2)/Clear/lowE(5)-argon-VB0, 06,408.91
lowE(2)/Clear/lowE(5)-argon-VB0, 07,398.15
lowE(2)/Clear/lowE(5)-argon-VB0, 08,414.06
lowE(2)/Clear/lowE(5)-argon-VB0, 09,389.94
lowE(2)/Clear/lowE(5)-argon-VB0, 10,363.59
lowE(2)/Clear/lowE(5)-argon-VB0, 11,457.6
lowE(2)/Clear/lowE(5)-argon-VB0, 12,697.45
lowE(2)/Clear/lowE(5)-argon-VB15, 01,386.84
lowE(2)/Clear/lowE(5)-argon-VB15, 02,282.4
lowE(2)/Clear/lowE(5)-argon-VB15, 03,284.27
lowE(2)/Clear/lowE(5)-argon-VB15, 04,293.95
lowE(2)/Clear/lowE(5)-argon-VB15, 05,289.85
lowE(2)/Clear/lowE(5)-argon-VB15, 06,294.64
lowE(2)/Clear/lowE(5)-argon-VB15, 07,286.04
lowE(2)/Clear/lowE(5)-argon-VB15, 08,298.34
lowE(2)/Clear/lowE(5)-argon-VB15, 09,292.56
lowE(2)/Clear/lowE(5)-argon-VB15, 10,260.79
lowE(2)/Clear/lowE(5)-argon-VB15, 11,263.39
lowE(2)/Clear/lowE(5)-argon-VB15, 12,359.09
lowE(2)/Clear/lowE(5)-argon-VB30, 01,146.74
lowE(2)/Clear/lowE(5)-argon-VB30, 02,185.32
lowE(2)/Clear/lowE(5)-argon-VB30, 03,195.85
lowE(2)/Clear/lowE(5)-argon-VB30, 04,195.23
lowE(2)/Clear/lowE(5)-argon-VB30, 05,188.23
lowE(2)/Clear/lowE(5)-argon-VB30, 06,190.16
lowE(2)/Clear/lowE(5)-argon-VB30, 07,184.09
lowE(2)/Clear/lowE(5)-argon-VB30, 08,192.87
lowE(2)/Clear/lowE(5)-argon-VB30, 09,196.8
lowE(2)/Clear/lowE(5)-argon-VB30, 10,177.67
lowE(2)/Clear/lowE(5)-argon-VB30, 11,125.78
lowE(2)/Clear/lowE(5)-argon-VB30, 12,108.88
lowE(2)/Clear/lowE(5)-argon-VB45, 01,91.76
lowE(2)/Clear/lowE(5)-argon-VB45, 02,114.62
lowE(2)/Clear/lowE(5)-argon-VB45, 03,118.98
lowE(2)/Clear/lowE(5)-argon-VB45, 04,115.25
lowE(2)/Clear/lowE(5)-argon-VB45, 05,109.15
lowE(2)/Clear/lowE(5)-argon-VB45, 06,109.32
lowE(2)/Clear/lowE(5)-argon-VB45, 07,105.7
lowE(2)/Clear/lowE(5)-argon-VB45, 08,111.74
lowE(2)/Clear/lowE(5)-argon-VB45, 09,117.72
lowE(2)/Clear/lowE(5)-argon-VB45, 10,108.49
lowE(2)/Clear/lowE(5)-argon-VB45, 11,78.13
lowE(2)/Clear/lowE(5)-argon-VB45, 12,66.99
lowE(2)/Clear/lowE(5)-argon-VB60, 01,51.19
lowE(2)/Clear/lowE(5)-argon-VB60, 02,63.62
lowE(2)/Clear/lowE(5)-argon-VB60, 03,65.1
lowE(2)/Clear/lowE(5)-argon-VB60, 04,62.84
lowE(2)/Clear/lowE(5)-argon-VB60, 05,59.52
lowE(2)/Clear/lowE(5)-argon-VB60, 06,59.13
lowE(2)/Clear/lowE(5)-argon-VB60, 07,57.19
lowE(2)/Clear/lowE(5)-argon-VB60, 08,60.84
lowE(2)/Clear/lowE(5)-argon-VB60, 09,64.36
lowE(2)/Clear/lowE(5)-argon-VB60, 10,59.76
lowE(2)/Clear/lowE(5)-argon-VB60, 11,43.31
lowE(2)/Clear/lowE(5)-argon-VB60, 12,37.2
lowE(2)/Clear/lowE(5)-argon-VB75, 01,20.83
lowE(2)/Clear/lowE(5)-argon-VB75, 02,26.48
lowE(2)/Clear/lowE(5)-argon-VB75, 03,27.99
lowE(2)/Clear/lowE(5)-argon-VB75, 04,27.79
lowE(2)/Clear/lowE(5)-argon-VB75, 05,26.63
lowE(2)/Clear/lowE(5)-argon-VB75, 06,26.04
lowE(2)/Clear/lowE(5)-argon-VB75, 07,25.15
lowE(2)/Clear/lowE(5)-argon-VB75, 08,26.86
lowE(2)/Clear/lowE(5)-argon-VB75, 09,27.8
lowE(2)/Clear/lowE(5)-argon-VB75, 10,25.25
lowE(2)/Clear/lowE(5)-argon-VB75, 11,17.74
lowE(2)/Clear/lowE(5)-argon-VB75, 12,15.08
lowE(2)/lowE(4), 01,2004.58
lowE(2)/lowE(4), 02,1853.79
lowE(2)/lowE(4), 03,3337.24
lowE(2)/lowE(4), 04,1686.64
lowE(2)/lowE(4), 05,929.66
lowE(2)/lowE(4), 06,946.7
lowE(2)/lowE(4), 07,941.19
lowE(2)/lowE(4), 08,1352.06
lowE(2)/lowE(4), 09,3739.29
lowE(2)/lowE(4), 10,2731.56
lowE(2)/lowE(4), 11,1176.59
lowE(2)/lowE(4), 12,1660.18
lowE(2)/lowE(4)-BBG-15, 01,1467.1
lowE(2)/lowE(4)-BBG-15, 02,982.31
lowE(2)/lowE(4)-BBG-15, 03,1031.68
lowE(2)/lowE(4)-BBG-15, 04,625.37
lowE(2)/lowE(4)-BBG-15, 05,625.77
lowE(2)/lowE(4)-BBG-15, 06,633.59
lowE(2)/lowE(4)-BBG-15, 07,621.85
lowE(2)/lowE(4)-BBG-15, 08,663.62
lowE(2)/lowE(4)-BBG-15, 09,773.18
lowE(2)/lowE(4)-BBG-15, 10,1061.15
lowE(2)/lowE(4)-BBG-15, 11,830.83
lowE(2)/lowE(4)-BBG-15, 12,1279.12
lowE(2)/lowE(4)-BBG-30, 01,1526.48
lowE(2)/lowE(4)-BBG-30, 02,1377.06
lowE(2)/lowE(4)-BBG-30, 03,2009.1
lowE(2)/lowE(4)-BBG-30, 04,1037.85
lowE(2)/lowE(4)-BBG-30, 05,805.23
lowE(2)/lowE(4)-BBG-30, 06,826.19
lowE(2)/lowE(4)-BBG-30, 07,811.23
lowE(2)/lowE(4)-BBG-30, 08,957.6
lowE(2)/lowE(4)-BBG-30, 09,1913.22
lowE(2)/lowE(4)-BBG-30, 10,1878.72
lowE(2)/lowE(4)-BBG-30, 11,879.47
lowE(2)/lowE(4)-BBG-30, 12,1231.15
lowE(2)/lowE(4)-BBG-45, 01,1064.96
lowE(2)/lowE(4)-BBG-45, 02,1270.98
lowE(2)/lowE(4)-BBG-45, 03,2451.63
lowE(2)/lowE(4)-BBG-45, 04,1297.27
lowE(2)/lowE(4)-BBG-45, 05,806.7
lowE(2)/lowE(4)-BBG-45, 06,862.91
lowE(2)/lowE(4)-BBG-45, 07,842.33
lowE(2)/lowE(4)-BBG-45, 08,1058.21
lowE(2)/lowE(4)-BBG-45, 09,2813.92
lowE(2)/lowE(4)-BBG-45, 10,2020.0
lowE(2)/lowE(4)-BBG-45, 11,663.8
lowE(2)/lowE(4)-BBG-45, 12,815.71
lowE(2)/lowE(4)-BBG-60, 01,487.49
lowE(2)/lowE(4)-BBG-60, 02,725.72
lowE(2)/lowE(4)-BBG-60, 03,1596.09
lowE(2)/lowE(4)-BBG-60, 04,902.27
lowE(2)/lowE(4)-BBG-60, 05,487.04
lowE(2)/lowE(4)-BBG-60, 06,550.96
lowE(2)/lowE(4)-BBG-60, 07,536.46
lowE(2)/lowE(4)-BBG-60, 08,696.48
lowE(2)/lowE(4)-BBG-60, 09,1986.96
lowE(2)/lowE(4)-BBG-60, 10,1176.11
lowE(2)/lowE(4)-BBG-60, 11,342.49
lowE(2)/lowE(4)-BBG-60, 12,344.67
lowE(2)/lowE(4)-BBG-75, 01,104.78
lowE(2)/lowE(4)-BBG-75, 02,165.39
lowE(2)/lowE(4)-BBG-75, 03,378.36
lowE(2)/lowE(4)-BBG-75, 04,302.22
lowE(2)/lowE(4)-BBG-75, 05,159.51
lowE(2)/lowE(4)-BBG-75, 06,131.35
lowE(2)/lowE(4)-BBG-75, 07,132.63
lowE(2)/lowE(4)-BBG-75, 08,229.64
lowE(2)/lowE(4)-BBG-75, 09,520.0
lowE(2)/lowE(4)-BBG-75, 10,229.53
lowE(2)/lowE(4)-BBG-75, 11,93.62
lowE(2)/lowE(4)-BBG-75, 12,71.99
lowE(2)/lowE(4)-BBG0, 01,938.53
lowE(2)/lowE(4)-BBG0, 02,505.27
lowE(2)/lowE(4)-BBG0, 03,459.37
lowE(2)/lowE(4)-BBG0, 04,446.3
lowE(2)/lowE(4)-BBG0, 05,436.73
lowE(2)/lowE(4)-BBG0, 06,436.4
lowE(2)/lowE(4)-BBG0, 07,426.99
lowE(2)/lowE(4)-BBG0, 08,460.52
lowE(2)/lowE(4)-BBG0, 09,452.34
lowE(2)/lowE(4)-BBG0, 10,425.24
lowE(2)/lowE(4)-BBG0, 11,553.54
lowE(2)/lowE(4)-BBG0, 12,849.55
lowE(2)/lowE(4)-BBG15, 01,437.35
lowE(2)/lowE(4)-BBG15, 02,320.25
lowE(2)/lowE(4)-BBG15, 03,318.09
lowE(2)/lowE(4)-BBG15, 04,313.4
lowE(2)/lowE(4)-BBG15, 05,299.67
lowE(2)/lowE(4)-BBG15, 06,296.14
lowE(2)/lowE(4)-BBG15, 07,289.12
lowE(2)/lowE(4)-BBG15, 08,315.26
lowE(2)/lowE(4)-BBG15, 09,323.82
lowE(2)/lowE(4)-BBG15, 10,295.0
lowE(2)/lowE(4)-BBG15, 11,300.31
lowE(2)/lowE(4)-BBG15, 12,412.36
lowE(2)/lowE(4)-BBG30, 01,163.05
lowE(2)/lowE(4)-BBG30, 02,205.03
lowE(2)/lowE(4)-BBG30, 03,207.67
lowE(2)/lowE(4)-BBG30, 04,196.57
lowE(2)/lowE(4)-BBG30, 05,183.37
lowE(2)/lowE(4)-BBG30, 06,178.8
lowE(2)/lowE(4)-BBG30, 07,174.24
lowE(2)/lowE(4)-BBG30, 08,192.63
lowE(2)/lowE(4)-BBG30, 09,206.11
lowE(2)/lowE(4)-BBG30, 10,192.28
lowE(2)/lowE(4)-BBG30, 11,139.72
lowE(2)/lowE(4)-BBG30, 12,120.35
lowE(2)/lowE(4)-BBG45, 01,99.72
lowE(2)/lowE(4)-BBG45, 02,123.16
lowE(2)/lowE(4)-BBG45, 03,120.19
lowE(2)/lowE(4)-BBG45, 04,110.33
lowE(2)/lowE(4)-BBG45, 05,100.96
lowE(2)/lowE(4)-BBG45, 06,97.34
lowE(2)/lowE(4)-BBG45, 07,94.86
lowE(2)/lowE(4)-BBG45, 08,106.39
lowE(2)/lowE(4)-BBG45, 09,117.34
lowE(2)/lowE(4)-BBG45, 10,112.87
lowE(2)/lowE(4)-BBG45, 11,84.57
lowE(2)/lowE(4)-BBG45, 12,72.89
lowE(2)/lowE(4)-BBG60, 01,54.78
lowE(2)/lowE(4)-BBG60, 02,67.15
lowE(2)/lowE(4)-BBG60, 03,64.83
lowE(2)/lowE(4)-BBG60, 04,58.96
lowE(2)/lowE(4)-BBG60, 05,53.89
lowE(2)/lowE(4)-BBG60, 06,51.92
lowE(2)/lowE(4)-BBG60, 07,50.58
lowE(2)/lowE(4)-BBG60, 08,56.81
lowE(2)/lowE(4)-BBG60, 09,63.15
lowE(2)/lowE(4)-BBG60, 10,61.29
lowE(2)/lowE(4)-BBG60, 11,46.15
lowE(2)/lowE(4)-BBG60, 12,39.93
lowE(2)/lowE(4)-BBG75, 01,22.56
lowE(2)/lowE(4)-BBG75, 02,28.04
lowE(2)/lowE(4)-BBG75, 03,27.69
lowE(2)/lowE(4)-BBG75, 04,25.88
lowE(2)/lowE(4)-BBG75, 05,23.76
lowE(2)/lowE(4)-BBG75, 06,22.49
lowE(2)/lowE(4)-BBG75, 07,21.91
lowE(2)/lowE(4)-BBG75, 08,24.83
lowE(2)/lowE(4)-BBG75, 09,27.16
lowE(2)/lowE(4)-BBG75, 10,25.79
lowE(2)/lowE(4)-BBG75, 11,19.09
lowE(2)/lowE(4)-BBG75, 12,16.42
lowE(2)/lowE(4)-HTcellular, 01,522.46
lowE(2)/lowE(4)-HTcellular, 02,690.16
lowE(2)/lowE(4)-HTcellular, 03,782.5
lowE(2)/lowE(4)-HTcellular, 04,870.89
lowE(2)/lowE(4)-HTcellular, 05,872.91
lowE(2)/lowE(4)-HTcellular, 06,891.7
lowE(2)/lowE(4)-HTcellular, 07,857.64
lowE(2)/lowE(4)-HTcellular, 08,863.21
lowE(2)/lowE(4)-HTcellular, 09,813.9
lowE(2)/lowE(4)-HTcellular, 10,678.25
lowE(2)/lowE(4)-HTcellular, 11,451.32
lowE(2)/lowE(4)-HTcellular, 12,374.44
lowE(2)/lowE(4)-LTcellular, 01,222.63
lowE(2)/lowE(4)-LTcellular, 02,291.84
lowE(2)/lowE(4)-LTcellular, 03,329.0
lowE(2)/lowE(4)-LTcellular, 04,366.83
lowE(2)/lowE(4)-LTcellular, 05,368.01
lowE(2)/lowE(4)-LTcellular, 06,377.25
lowE(2)/lowE(4)-LTcellular, 07,362.7
lowE(2)/lowE(4)-LTcellular, 08,363.83
lowE(2)/lowE(4)-LTcellular, 09,342.54
lowE(2)/lowE(4)-LTcellular, 10,284.88
lowE(2)/lowE(4)-LTcellular, 11,191.64
lowE(2)/lowE(4)-LTcellular, 12,160.17
lowE(2)/lowE(4)-VB-15, 01,1522.12
lowE(2)/lowE(4)-VB-15, 02,1027.32
lowE(2)/lowE(4)-VB-15, 03,1087.94
lowE(2)/lowE(4)-VB-15, 04,680.47
lowE(2)/lowE(4)-VB-15, 05,692.97
lowE(2)/lowE(4)-VB-15, 06,714.08
lowE(2)/lowE(4)-VB-15, 07,698.41
lowE(2)/lowE(4)-VB-15, 08,726.05
lowE(2)/lowE(4)-VB-15, 09,831.06
lowE(2)/lowE(4)-VB-15, 10,1125.57
lowE(2)/lowE(4)-VB-15, 11,864.51
lowE(2)/lowE(4)-VB-15, 12,1325.36
lowE(2)/lowE(4)-VB-30, 01,1578.96
lowE(2)/lowE(4)-VB-30, 02,1434.36
lowE(2)/lowE(4)-VB-30, 03,2103.38
lowE(2)/lowE(4)-VB-30, 04,1109.52
lowE(2)/lowE(4)-VB-30, 05,878.18
lowE(2)/lowE(4)-VB-30, 06,917.35
lowE(2)/lowE(4)-VB-30, 07,898.04
lowE(2)/lowE(4)-VB-30, 08,1031.47
lowE(2)/lowE(4)-VB-30, 09,2007.06
lowE(2)/lowE(4)-VB-30, 10,1959.65
lowE(2)/lowE(4)-VB-30, 11,913.98
lowE(2)/lowE(4)-VB-30, 12,1270.8
lowE(2)/lowE(4)-VB-45, 01,1088.22
lowE(2)/lowE(4)-VB-45, 02,1320.58
lowE(2)/lowE(4)-VB-45, 03,2575.93
lowE(2)/lowE(4)-VB-45, 04,1425.54
lowE(2)/lowE(4)-VB-45, 05,932.74
lowE(2)/lowE(4)-VB-45, 06,1013.47
lowE(2)/lowE(4)-VB-45, 07,985.13
lowE(2)/lowE(4)-VB-45, 08,1186.01
lowE(2)/lowE(4)-VB-45, 09,2977.3
lowE(2)/lowE(4)-VB-45, 10,2113.22
lowE(2)/lowE(4)-VB-45, 11,678.85
lowE(2)/lowE(4)-VB-45, 12,834.24
lowE(2)/lowE(4)-VB-60, 01,513.51
lowE(2)/lowE(4)-VB-60, 02,749.07
lowE(2)/lowE(4)-VB-60, 03,1696.54
lowE(2)/lowE(4)-VB-60, 04,1054.18
lowE(2)/lowE(4)-VB-60, 05,664.07
lowE(2)/lowE(4)-VB-60, 06,804.23
lowE(2)/lowE(4)-VB-60, 07,774.17
lowE(2)/lowE(4)-VB-60, 08,865.31
lowE(2)/lowE(4)-VB-60, 09,2138.01
lowE(2)/lowE(4)-VB-60, 10,1229.43
lowE(2)/lowE(4)-VB-60, 11,355.32
lowE(2)/lowE(4)-VB-60, 12,367.69
lowE(2)/lowE(4)-VB-75, 01,120.93
lowE(2)/lowE(4)-VB-75, 02,204.93
lowE(2)/lowE(4)-VB-75, 03,463.17
lowE(2)/lowE(4)-VB-75, 04,418.87
lowE(2)/lowE(4)-VB-75, 05,285.95
lowE(2)/lowE(4)-VB-75, 06,260.93
lowE(2)/lowE(4)-VB-75, 07,255.45
lowE(2)/lowE(4)-VB-75, 08,348.1
lowE(2)/lowE(4)-VB-75, 09,635.12
lowE(2)/lowE(4)-VB-75, 10,295.48
lowE(2)/lowE(4)-VB-75, 11,108.85
lowE(2)/lowE(4)-VB-75, 12,82.98
lowE(2)/lowE(4)-VB0, 01,975.78
lowE(2)/lowE(4)-VB0, 02,544.59
lowE(2)/lowE(4)-VB0, 03,509.89
lowE(2)/lowE(4)-VB0, 04,507.57
lowE(2)/lowE(4)-VB0, 05,510.48
lowE(2)/lowE(4)-VB0, 06,521.49
lowE(2)/lowE(4)-VB0, 07,507.65
lowE(2)/lowE(4)-VB0, 08,527.86
lowE(2)/lowE(4)-VB0, 09,497.55
lowE(2)/lowE(4)-VB0, 10,463.2
lowE(2)/lowE(4)-VB0, 11,578.12
lowE(2)/lowE(4)-VB0, 12,877.57
lowE(2)/lowE(4)-VB15, 01,490.4
lowE(2)/lowE(4)-VB15, 02,360.85
lowE(2)/lowE(4)-VB15, 03,363.99
lowE(2)/lowE(4)-VB15, 04,375.63
lowE(2)/lowE(4)-VB15, 05,369.81
lowE(2)/lowE(4)-VB15, 06,375.82
lowE(2)/lowE(4)-VB15, 07,364.8
lowE(2)/lowE(4)-VB15, 08,380.64
lowE(2)/lowE(4)-VB15, 09,374.1
lowE(2)/lowE(4)-VB15, 10,333.59
lowE(2)/lowE(4)-VB15, 11,334.62
lowE(2)/lowE(4)-VB15, 12,453.46
lowE(2)/lowE(4)-VB30, 01,188.29
lowE(2)/lowE(4)-VB30, 02,237.94
lowE(2)/lowE(4)-VB30, 03,251.74
lowE(2)/lowE(4)-VB30, 04,250.22
lowE(2)/lowE(4)-VB30, 05,240.67
lowE(2)/lowE(4)-VB30, 06,243.08
lowE(2)/lowE(4)-VB30, 07,235.32
lowE(2)/lowE(4)-VB30, 08,246.79
lowE(2)/lowE(4)-VB30, 09,252.58
lowE(2)/lowE(4)-VB30, 10,228.32
lowE(2)/lowE(4)-VB30, 11,161.52
lowE(2)/lowE(4)-VB30, 12,139.7
lowE(2)/lowE(4)-VB45, 01,118.5
lowE(2)/lowE(4)-VB45, 02,147.99
lowE(2)/lowE(4)-VB45, 03,153.69
lowE(2)/lowE(4)-VB45, 04,148.59
lowE(2)/lowE(4)-VB45, 05,140.45
lowE(2)/lowE(4)-VB45, 06,140.63
lowE(2)/lowE(4)-VB45, 07,136.0
lowE(2)/lowE(4)-VB45, 08,143.93
lowE(2)/lowE(4)-VB45, 09,151.93
lowE(2)/lowE(4)-VB45, 10,140.16
lowE(2)/lowE(4)-VB45, 11,100.91
lowE(2)/lowE(4)-VB45, 12,86.53
lowE(2)/lowE(4)-VB60, 01,66.57
lowE(2)/lowE(4)-VB60, 02,82.77
lowE(2)/lowE(4)-VB60, 03,84.73
lowE(2)/lowE(4)-VB60, 04,81.84
lowE(2)/lowE(4)-VB60, 05,77.5
lowE(2)/lowE(4)-VB60, 06,76.98
lowE(2)/lowE(4)-VB60, 07,74.45
lowE(2)/lowE(4)-VB60, 08,79.22
lowE(2)/lowE(4)-VB60, 09,83.78
lowE(2)/lowE(4)-VB60, 10,77.75
lowE(2)/lowE(4)-VB60, 11,56.34
lowE(2)/lowE(4)-VB60, 12,48.39
lowE(2)/lowE(4)-VB75, 01,27.32
lowE(2)/lowE(4)-VB75, 02,34.79
lowE(2)/lowE(4)-VB75, 03,36.93
lowE(2)/lowE(4)-VB75, 04,36.84
lowE(2)/lowE(4)-VB75, 05,35.4
lowE(2)/lowE(4)-VB75, 06,34.66
lowE(2)/lowE(4)-VB75, 07,33.46
lowE(2)/lowE(4)-VB75, 08,35.63
lowE(2)/lowE(4)-VB75, 09,36.75
lowE(2)/lowE(4)-VB75, 10,33.23
lowE(2)/lowE(4)-VB75, 11,23.27
lowE(2)/lowE(4)-VB75, 12,19.77
lowE(2)/lowE(4)-argon, 01,2004.58
lowE(2)/lowE(4)-argon, 02,1853.79
lowE(2)/lowE(4)-argon, 03,3337.24
lowE(2)/lowE(4)-argon, 04,1686.64
lowE(2)/lowE(4)-argon, 05,929.66
lowE(2)/lowE(4)-argon, 06,946.7
lowE(2)/lowE(4)-argon, 07,941.19
lowE(2)/lowE(4)-argon, 08,1352.06
lowE(2)/lowE(4)-argon, 09,3739.29
lowE(2)/lowE(4)-argon, 10,2731.56
lowE(2)/lowE(4)-argon, 11,1176.59
lowE(2)/lowE(4)-argon, 12,1660.18
lowE(2)/lowE(4)-argon-BBG-15, 01,1467.1
lowE(2)/lowE(4)-argon-BBG-15, 02,982.31
lowE(2)/lowE(4)-argon-BBG-15, 03,1031.68
lowE(2)/lowE(4)-argon-BBG-15, 04,625.37
lowE(2)/lowE(4)-argon-BBG-15, 05,625.77
lowE(2)/lowE(4)-argon-BBG-15, 06,633.59
lowE(2)/lowE(4)-argon-BBG-15, 07,621.85
lowE(2)/lowE(4)-argon-BBG-15, 08,663.62
lowE(2)/lowE(4)-argon-BBG-15, 09,773.18
lowE(2)/lowE(4)-argon-BBG-15, 10,1061.15
lowE(2)/lowE(4)-argon-BBG-15, 11,830.83
lowE(2)/lowE(4)-argon-BBG-15, 12,1279.12
lowE(2)/lowE(4)-argon-BBG-30, 01,1526.48
lowE(2)/lowE(4)-argon-BBG-30, 02,1377.06
lowE(2)/lowE(4)-argon-BBG-30, 03,2009.1
lowE(2)/lowE(4)-argon-BBG-30, 04,1037.85
lowE(2)/lowE(4)-argon-BBG-30, 05,805.23
lowE(2)/lowE(4)-argon-BBG-30, 06,826.19
lowE(2)/lowE(4)-argon-BBG-30, 07,811.23
lowE(2)/lowE(4)-argon-BBG-30, 08,957.6
lowE(2)/lowE(4)-argon-BBG-30, 09,1913.22
lowE(2)/lowE(4)-argon-BBG-30, 10,1878.72
lowE(2)/lowE(4)-argon-BBG-30, 11,879.47
lowE(2)/lowE(4)-argon-BBG-30, 12,1231.15
lowE(2)/lowE(4)-argon-BBG-45, 01,1064.96
lowE(2)/lowE(4)-argon-BBG-45, 02,1270.98
lowE(2)/lowE(4)-argon-BBG-45, 03,2451.63
lowE(2)/lowE(4)-argon-BBG-45, 04,1297.27
lowE(2)/lowE(4)-argon-BBG-45, 05,806.7
lowE(2)/lowE(4)-argon-BBG-45, 06,862.91
lowE(2)/lowE(4)-argon-BBG-45, 07,842.33
lowE(2)/lowE(4)-argon-BBG-45, 08,1058.21
lowE(2)/lowE(4)-argon-BBG-45, 09,2813.92
lowE(2)/lowE(4)-argon-BBG-45, 10,2020.0
lowE(2)/lowE(4)-argon-BBG-45, 11,663.8
lowE(2)/lowE(4)-argon-BBG-45, 12,815.71
lowE(2)/lowE(4)-argon-BBG-60, 01,487.49
lowE(2)/lowE(4)-argon-BBG-60, 02,725.72
lowE(2)/lowE(4)-argon-BBG-60, 03,1596.09
lowE(2)/lowE(4)-argon-BBG-60, 04,902.27
lowE(2)/lowE(4)-argon-BBG-60, 05,487.04
lowE(2)/lowE(4)-argon-BBG-60, 06,550.96
lowE(2)/lowE(4)-argon-BBG-60, 07,536.46
lowE(2)/lowE(4)-argon-BBG-60, 08,696.48
lowE(2)/lowE(4)-argon-BBG-60, 09,1986.96
lowE(2)/lowE(4)-argon-BBG-60, 10,1176.11
lowE(2)/lowE(4)-argon-BBG-60, 11,342.49
lowE(2)/lowE(4)-argon-BBG-60, 12,344.67
lowE(2)/lowE(4)-argon-BBG-75, 01,104.78
lowE(2)/lowE(4)-argon-BBG-75, 02,165.39
lowE(2)/lowE(4)-argon-BBG-75, 03,378.36
lowE(2)/lowE(4)-argon-BBG-75, 04,302.22
lowE(2)/lowE(4)-argon-BBG-75, 05,159.51
lowE(2)/lowE(4)-argon-BBG-75, 06,131.35
lowE(2)/lowE(4)-argon-BBG-75, 07,132.63
lowE(2)/lowE(4)-argon-BBG-75, 08,229.64
lowE(2)/lowE(4)-argon-BBG-75, 09,520.0
lowE(2)/lowE(4)-argon-BBG-75, 10,229.53
lowE(2)/lowE(4)-argon-BBG-75, 11,93.62
lowE(2)/lowE(4)-argon-BBG-75, 12,71.99
lowE(2)/lowE(4)-argon-BBG0, 01,938.53
lowE(2)/lowE(4)-argon-BBG0, 02,505.27
lowE(2)/lowE(4)-argon-BBG0, 03,459.37
lowE(2)/lowE(4)-argon-BBG0, 04,446.3
lowE(2)/lowE(4)-argon-BBG0, 05,436.73
lowE(2)/lowE(4)-argon-BBG0, 06,436.4
lowE(2)/lowE(4)-argon-BBG0, 07,426.99
lowE(2)/lowE(4)-argon-BBG0, 08,460.52
lowE(2)/lowE(4)-argon-BBG0, 09,452.34
lowE(2)/lowE(4)-argon-BBG0, 10,425.24
lowE(2)/lowE(4)-argon-BBG0, 11,553.54
lowE(2)/lowE(4)-argon-BBG0, 12,849.55
lowE(2)/lowE(4)-argon-BBG15, 01,437.35
lowE(2)/lowE(4)-argon-BBG15, 02,320.25
lowE(2)/lowE(4)-argon-BBG15, 03,318.09
lowE(2)/lowE(4)-argon-BBG15, 04,313.4
lowE(2)/lowE(4)-argon-BBG15, 05,299.67
lowE(2)/lowE(4)-argon-BBG15, 06,296.14
lowE(2)/lowE(4)-argon-BBG15, 07,289.12
lowE(2)/lowE(4)-argon-BBG15, 08,315.26
lowE(2)/lowE(4)-argon-BBG15, 09,323.82
lowE(2)/lowE(4)-argon-BBG15, 10,295.0
lowE(2)/lowE(4)-argon-BBG15, 11,300.31
lowE(2)/lowE(4)-argon-BBG15, 12,412.36
lowE(2)/lowE(4)-argon-BBG30, 01,163.05
lowE(2)/lowE(4)-argon-BBG30, 02,205.03
lowE(2)/lowE(4)-argon-BBG30, 03,207.67
lowE(2)/lowE(4)-argon-BBG30, 04,196.57
lowE(2)/lowE(4)-argon-BBG30, 05,183.37
lowE(2)/lowE(4)-argon-BBG30, 06,178.8
lowE(2)/lowE(4)-argon-BBG30, 07,174.24
lowE(2)/lowE(4)-argon-BBG30, 08,192.63
lowE(2)/lowE(4)-argon-BBG30, 09,206.11
lowE(2)/lowE(4)-argon-BBG30, 10,192.28
lowE(2)/lowE(4)-argon-BBG30, 11,139.72
lowE(2)/lowE(4)-argon-BBG30, 12,120.35
lowE(2)/lowE(4)-argon-BBG45, 01,99.72
lowE(2)/lowE(4)-argon-BBG45, 02,123.16
lowE(2)/lowE(4)-argon-BBG45, 03,120.19
lowE(2)/lowE(4)-argon-BBG45, 04,110.33
lowE(2)/lowE(4)-argon-BBG45, 05,100.96
lowE(2)/lowE(4)-argon-BBG45, 06,97.34
lowE(2)/lowE(4)-argon-BBG45, 07,94.86
lowE(2)/lowE(4)-argon-BBG45, 08,106.39
lowE(2)/lowE(4)-argon-BBG45, 09,117.34
lowE(2)/lowE(4)-argon-BBG45, 10,112.87
lowE(2)/lowE(4)-argon-BBG45, 11,84.57
lowE(2)/lowE(4)-argon-BBG45, 12,72.89
lowE(2)/lowE(4)-argon-BBG60, 01,54.78
lowE(2)/lowE(4)-argon-BBG60, 02,67.15
lowE(2)/lowE(4)-argon-BBG60, 03,64.83
lowE(2)/lowE(4)-argon-BBG60, 04,58.96
lowE(2)/lowE(4)-argon-BBG60, 05,53.89
lowE(2)/lowE(4)-argon-BBG60, 06,51.92
lowE(2)/lowE(4)-argon-BBG60, 07,50.58
lowE(2)/lowE(4)-argon-BBG60, 08,56.81
lowE(2)/lowE(4)-argon-BBG60, 09,63.15
lowE(2)/lowE(4)-argon-BBG60, 10,61.29
lowE(2)/lowE(4)-argon-BBG60, 11,46.15
lowE(2)/lowE(4)-argon-BBG60, 12,39.93
lowE(2)/lowE(4)-argon-BBG75, 01,22.56
lowE(2)/lowE(4)-argon-BBG75, 02,28.04
lowE(2)/lowE(4)-argon-BBG75, 03,27.69
lowE(2)/lowE(4)-argon-BBG75, 04,25.88
lowE(2)/lowE(4)-argon-BBG75, 05,23.76
lowE(2)/lowE(4)-argon-BBG75, 06,22.49
lowE(2)/lowE(4)-argon-BBG75, 07,21.91
lowE(2)/lowE(4)-argon-BBG75, 08,24.83
lowE(2)/lowE(4)-argon-BBG75, 09,27.16
lowE(2)/lowE(4)-argon-BBG75, 10,25.79
lowE(2)/lowE(4)-argon-BBG75, 11,19.09
lowE(2)/lowE(4)-argon-BBG75, 12,16.42
lowE(2)/lowE(4)-argon-HTcellular, 01,522.46
lowE(2)/lowE(4)-argon-HTcellular, 02,690.16
lowE(2)/lowE(4)-argon-HTcellular, 03,782.5
lowE(2)/lowE(4)-argon-HTcellular, 04,870.89
lowE(2)/lowE(4)-argon-HTcellular, 05,872.91
lowE(2)/lowE(4)-argon-HTcellular, 06,891.7
lowE(2)/lowE(4)-argon-HTcellular, 07,857.64
lowE(2)/lowE(4)-argon-HTcellular, 08,863.21
lowE(2)/lowE(4)-argon-HTcellular, 09,813.9
lowE(2)/lowE(4)-argon-HTcellular, 10,678.25
lowE(2)/lowE(4)-argon-HTcellular, 11,451.32
lowE(2)/lowE(4)-argon-HTcellular, 12,374.44
lowE(2)/lowE(4)-argon-LTcellular, 01,222.63
lowE(2)/lowE(4)-argon-LTcellular, 02,291.84
lowE(2)/lowE(4)-argon-LTcellular, 03,329.0
lowE(2)/lowE(4)-argon-LTcellular, 04,366.83
lowE(2)/lowE(4)-argon-LTcellular, 05,368.01
lowE(2)/lowE(4)-argon-LTcellular, 06,377.25
lowE(2)/lowE(4)-argon-LTcellular, 07,362.7
lowE(2)/lowE(4)-argon-LTcellular, 08,363.83
lowE(2)/lowE(4)-argon-LTcellular, 09,342.54
lowE(2)/lowE(4)-argon-LTcellular, 10,284.88
lowE(2)/lowE(4)-argon-LTcellular, 11,191.64
lowE(2)/lowE(4)-argon-LTcellular, 12,160.17
lowE(2)/lowE(4)-argon-VB-15, 01,1522.12
lowE(2)/lowE(4)-argon-VB-15, 02,1027.32
lowE(2)/lowE(4)-argon-VB-15, 03,1087.94
lowE(2)/lowE(4)-argon-VB-15, 04,680.47
lowE(2)/lowE(4)-argon-VB-15, 05,692.97
lowE(2)/lowE(4)-argon-VB-15, 06,714.08
lowE(2)/lowE(4)-argon-VB-15, 07,698.41
lowE(2)/lowE(4)-argon-VB-15, 08,726.05
lowE(2)/lowE(4)-argon-VB-15, 09,831.06
lowE(2)/lowE(4)-argon-VB-15, 10,1125.57
lowE(2)/lowE(4)-argon-VB-15, 11,864.51
lowE(2)/lowE(4)-argon-VB-15, 12,1325.36
lowE(2)/lowE(4)-argon-VB-30, 01,1578.96
lowE(2)/lowE(4)-argon-VB-30, 02,1434.36
lowE(2)/lowE(4)-argon-VB-30, 03,2103.38
lowE(2)/lowE(4)-argon-VB-30, 04,1109.52
lowE(2)/lowE(4)-argon-VB-30, 05,878.18
lowE(2)/lowE(4)-argon-VB-30, 06,917.35
lowE(2)/lowE(4)-argon-VB-30, 07,898.04
lowE(2)/lowE(4)-argon-VB-30, 08,1031.47
lowE(2)/lowE(4)-argon-VB-30, 09,2007.06
lowE(2)/lowE(4)-argon-VB-30, 10,1959.65
lowE(2)/lowE(4)-argon-VB-30, 11,913.98
lowE(2)/lowE(4)-argon-VB-30, 12,1270.8
lowE(2)/lowE(4)-argon-VB-45, 01,1088.22
lowE(2)/lowE(4)-argon-VB-45, 02,1320.58
lowE(2)/lowE(4)-argon-VB-45, 03,2575.93
lowE(2)/lowE(4)-argon-VB-45, 04,1425.54
lowE(2)/lowE(4)-argon-VB-45, 05,932.74
lowE(2)/lowE(4)-argon-VB-45, 06,1013.47
lowE(2)/lowE(4)-argon-VB-45, 07,985.13
lowE(2)/lowE(4)-argon-VB-45, 08,1186.01
lowE(2)/lowE(4)-argon-VB-45, 09,2977.3
lowE(2)/lowE(4)-argon-VB-45, 10,2113.22
lowE(2)/lowE(4)-argon-VB-45, 11,678.85
lowE(2)/lowE(4)-argon-VB-45, 12,834.24
lowE(2)/lowE(4)-argon-VB-60, 01,513.51
lowE(2)/lowE(4)-argon-VB-60, 02,749.07
lowE(2)/lowE(4)-argon-VB-60, 03,1696.54
lowE(2)/lowE(4)-argon-VB-60, 04,1054.18
lowE(2)/lowE(4)-argon-VB-60, 05,664.07
lowE(2)/lowE(4)-argon-VB-60, 06,804.23
lowE(2)/lowE(4)-argon-VB-60, 07,774.17
lowE(2)/lowE(4)-argon-VB-60, 08,865.31
lowE(2)/lowE(4)-argon-VB-60, 09,2138.01
lowE(2)/lowE(4)-argon-VB-60, 10,1229.43
lowE(2)/lowE(4)-argon-VB-60, 11,355.32
lowE(2)/lowE(4)-argon-VB-60, 12,367.69
lowE(2)/lowE(4)-argon-VB-75, 01,120.93
lowE(2)/lowE(4)-argon-VB-75, 02,204.93
lowE(2)/lowE(4)-argon-VB-75, 03,463.17
lowE(2)/lowE(4)-argon-VB-75, 04,418.87
lowE(2)/lowE(4)-argon-VB-75, 05,285.95
lowE(2)/lowE(4)-argon-VB-75, 06,260.93
lowE(2)/lowE(4)-argon-VB-75, 07,255.45
lowE(2)/lowE(4)-argon-VB-75, 08,348.1
lowE(2)/lowE(4)-argon-VB-75, 09,635.12
lowE(2)/lowE(4)-argon-VB-75, 10,295.48
lowE(2)/lowE(4)-argon-VB-75, 11,108.85
lowE(2)/lowE(4)-argon-VB-75, 12,82.98
lowE(2)/lowE(4)-argon-VB0, 01,975.78
lowE(2)/lowE(4)-argon-VB0, 02,544.59
lowE(2)/lowE(4)-argon-VB0, 03,509.89
lowE(2)/lowE(4)-argon-VB0, 04,507.57
lowE(2)/lowE(4)-argon-VB0, 05,510.48
lowE(2)/lowE(4)-argon-VB0, 06,521.49
lowE(2)/lowE(4)-argon-VB0, 07,507.65
lowE(2)/lowE(4)-argon-VB0, 08,527.86
lowE(2)/lowE(4)-argon-VB0, 09,497.55
lowE(2)/lowE(4)-argon-VB0, 10,463.2
lowE(2)/lowE(4)-argon-VB0, 11,578.12
lowE(2)/lowE(4)-argon-VB0, 12,877.57
lowE(2)/lowE(4)-argon-VB15, 01,490.4
lowE(2)/lowE(4)-argon-VB15, 02,360.85
lowE(2)/lowE(4)-argon-VB15, 03,363.99
lowE(2)/lowE(4)-argon-VB15, 04,375.63
lowE(2)/lowE(4)-argon-VB15, 05,369.81
lowE(2)/lowE(4)-argon-VB15, 06,375.82
lowE(2)/lowE(4)-argon-VB15, 07,364.8
lowE(2)/lowE(4)-argon-VB15, 08,380.64
lowE(2)/lowE(4)-argon-VB15, 09,374.1
lowE(2)/lowE(4)-argon-VB15, 10,333.59
lowE(2)/lowE(4)-argon-VB15, 11,334.62
lowE(2)/lowE(4)-argon-VB15, 12,453.46
lowE(2)/lowE(4)-argon-VB30, 01,188.29
lowE(2)/lowE(4)-argon-VB30, 02,237.94
lowE(2)/lowE(4)-argon-VB30, 03,251.74
lowE(2)/lowE(4)-argon-VB30, 04,250.22
lowE(2)/lowE(4)-argon-VB30, 05,240.67
lowE(2)/lowE(4)-argon-VB30, 06,243.08
lowE(2)/lowE(4)-argon-VB30, 07,235.32
lowE(2)/lowE(4)-argon-VB30, 08,246.79
lowE(2)/lowE(4)-argon-VB30, 09,252.58
lowE(2)/lowE(4)-argon-VB30, 10,228.32
lowE(2)/lowE(4)-argon-VB30, 11,161.52
lowE(2)/lowE(4)-argon-VB30, 12,139.7
lowE(2)/lowE(4)-argon-VB45, 01,118.5
lowE(2)/lowE(4)-argon-VB45, 02,147.99
lowE(2)/lowE(4)-argon-VB45, 03,153.69
lowE(2)/lowE(4)-argon-VB45, 04,148.59
lowE(2)/lowE(4)-argon-VB45, 05,140.45
lowE(2)/lowE(4)-argon-VB45, 06,140.63
lowE(2)/lowE(4)-argon-VB45, 07,136.0
lowE(2)/lowE(4)-argon-VB45, 08,143.93
lowE(2)/lowE(4)-argon-VB45, 09,151.93
lowE(2)/lowE(4)-argon-VB45, 10,140.16
lowE(2)/lowE(4)-argon-VB45, 11,100.91
lowE(2)/lowE(4)-argon-VB45, 12,86.53
lowE(2)/lowE(4)-argon-VB60, 01,66.57
lowE(2)/lowE(4)-argon-VB60, 02,82.77
lowE(2)/lowE(4)-argon-VB60, 03,84.73
lowE(2)/lowE(4)-argon-VB60, 04,81.84
lowE(2)/lowE(4)-argon-VB60, 05,77.5
lowE(2)/lowE(4)-argon-VB60, 06,76.98
lowE(2)/lowE(4)-argon-VB60, 07,74.45
lowE(2)/lowE(4)-argon-VB60, 08,79.22
lowE(2)/lowE(4)-argon-VB60, 09,83.78
lowE(2)/lowE(4)-argon-VB60, 10,77.75
lowE(2)/lowE(4)-argon-VB60, 11,56.34
lowE(2)/lowE(4)-argon-VB60, 12,48.39
lowE(2)/lowE(4)-argon-VB75, 01,27.32
lowE(2)/lowE(4)-argon-VB75, 02,34.79
lowE(2)/lowE(4)-argon-VB75, 03,36.93
lowE(2)/lowE(4)-argon-VB75, 04,36.84
lowE(2)/lowE(4)-argon-VB75, 05,35.4
lowE(2)/lowE(4)-argon-VB75, 06,34.66
lowE(2)/lowE(4)-argon-VB75, 07,33.46
lowE(2)/lowE(4)-argon-VB75, 08,35.63
lowE(2)/lowE(4)-argon-VB75, 09,36.75
lowE(2)/lowE(4)-argon-VB75, 10,33.23
lowE(2)/lowE(4)-argon-VB75, 11,23.27
lowE(2)/lowE(4)-argon-VB75, 12,19.77
